unit,cycle,reliability,y_obs,RUL
1,1,1.0,0,130
1,2,1.0,0,130
1,3,1.0,0,130
1,4,1.0,0,130
1,5,1.0,0,130
1,6,1.0,0,130
1,7,1.0,0,130
1,8,1.0,0,130
1,9,1.0,0,130
1,10,1.0,0,130
1,11,1.0,0,130
1,12,1.0,0,130
1,13,1.0,0,130
1,14,1.0,0,129
1,15,1.0,0,128
1,16,1.0,0,127
1,17,1.0,0,126
1,18,1.0,0,125
1,19,1.0,0,124
1,20,1.0,0,123
1,21,1.0,0,122
1,22,1.0,0,121
1,23,1.0,0,120
1,24,1.0,0,119
1,25,1.0,0,118
1,26,1.0,0,117
1,27,1.0,0,116
1,28,1.0,0,115
1,29,1.0,0,114
1,30,1.0,0,113
1,31,1.0,0,112
2,1,1.0,0,130
2,2,1.0,0,130
2,3,1.0,0,130
2,4,1.0,0,130
2,5,1.0,0,130
2,6,1.0,0,130
2,7,1.0,0,130
2,8,1.0,0,130
2,9,1.0,0,130
2,10,1.0,0,130
2,11,1.0,0,130
2,12,1.0,0,130
2,13,1.0,0,130
2,14,1.0,0,130
2,15,1.0,0,130
2,16,1.0,0,130
2,17,1.0,0,130
2,18,1.0,0,129
2,19,1.0,0,128
2,20,1.0,0,127
2,21,1.0,0,126
2,22,1.0,0,125
2,23,1.0,0,124
2,24,1.0,0,123
2,25,1.0,0,122
2,26,1.0,0,121
2,27,1.0,0,120
2,28,1.0,0,119
2,29,1.0,0,118
2,30,1.0,0,117
2,31,1.0,0,116
2,32,1.0,0,115
2,33,1.0,0,114
2,34,1.0,0,113
2,35,1.0,0,112
2,36,1.0,0,111
2,37,1.0,0,110
2,38,1.0,0,109
2,39,1.0,0,108
2,40,1.0,0,107
2,41,1.0,0,106
2,42,1.0,0,105
2,43,1.0,0,104
2,44,1.0,0,103
2,45,1.0,0,102
2,46,1.0,0,101
2,47,1.0,0,100
2,48,1.0,0,99
2,49,1.0,0,98
3,1,1.0,0,130
3,2,1.0,0,130
3,3,1.0,0,130
3,4,1.0,0,130
3,5,1.0,0,130
3,6,1.0,0,130
3,7,1.0,0,130
3,8,1.0,0,130
3,9,1.0,0,130
3,10,1.0,0,130
3,11,1.0,0,130
3,12,1.0,0,130
3,13,1.0,0,130
3,14,1.0,0,130
3,15,1.0,0,130
3,16,1.0,0,130
3,17,1.0,0,130
3,18,1.0,0,130
3,19,1.0,0,130
3,20,1.0,0,130
3,21,1.0,0,130
3,22,1.0,0,130
3,23,1.0,0,130
3,24,1.0,0,130
3,25,1.0,0,130
3,26,1.0,0,130
3,27,1.0,0,130
3,28,1.0,0,130
3,29,1.0,0,130
3,30,1.0,0,130
3,31,1.0,0,130
3,32,1.0,0,130
3,33,1.0,0,130
3,34,1.0,0,130
3,35,1.0,0,130
3,36,1.0,0,130
3,37,1.0,0,130
3,38,1.0,0,130
3,39,1.0,0,130
3,40,1.0,0,130
3,41,1.0,0,130
3,42,1.0,0,130
3,43,1.0,0,130
3,44,1.0,0,130
3,45,1.0,0,130
3,46,1.0,0,130
3,47,1.0,0,130
3,48,1.0,0,130
3,49,1.0,0,130
3,50,1.0,0,130
3,51,1.0,0,130
3,52,1.0,0,130
3,53,1.0,0,130
3,54,1.0,0,130
3,55,1.0,0,130
3,56,1.0,0,130
3,57,1.0,0,130
3,58,1.0,0,130
3,59,1.0,0,130
3,60,1.0,0,130
3,61,1.0,0,130
3,62,1.0,0,130
3,63,1.0,0,130
3,64,1.0,0,130
3,65,1.0,0,130
3,66,1.0,0,129
3,67,1.0,0,128
3,68,1.0,0,127
3,69,1.0,0,126
3,70,1.0,0,125
3,71,1.0,0,124
3,72,1.0,0,123
3,73,1.0,0,122
3,74,1.0,0,121
3,75,1.0,0,120
3,76,1.0,0,119
3,77,1.0,0,118
3,78,1.0,0,117
3,79,1.0,0,116
3,80,1.0,0,115
3,81,1.0,0,114
3,82,1.0,0,113
3,83,1.0,0,112
3,84,1.0,0,111
3,85,1.0,0,110
3,86,1.0,0,109
3,87,1.0,0,108
3,88,1.0,0,107
3,89,1.0,0,106
3,90,1.0,0,105
3,91,1.0,0,104
3,92,1.0,0,103
3,93,1.0,0,102
3,94,1.0,0,101
3,95,1.0,0,100
3,96,1.0,0,99
3,97,1.0,0,98
3,98,1.0,0,97
3,99,1.0,0,96
3,100,1.0,0,95
3,101,1.0,0,94
3,102,1.0,0,93
3,103,1.0,0,92
3,104,1.0,0,91
3,105,1.0,0,90
3,106,1.0,0,89
3,107,1.0,0,88
3,108,1.0,0,87
3,109,1.0,0,86
3,110,1.0,0,85
3,111,1.0,0,84
3,112,1.0,1,83
3,113,1.0,1,82
3,114,1.0,1,81
3,115,1.0,1,80
3,116,1.0,1,79
3,117,1.0,1,78
3,118,1.0,1,77
3,119,1.0,1,76
3,120,1.0,1,75
3,121,1.0,1,74
3,122,1.0,1,73
3,123,1.0,1,72
3,124,1.0,1,71
3,125,1.0,1,70
3,126,1.0,1,69
4,1,1.0,0,130
4,2,1.0,0,130
4,3,1.0,0,130
4,4,1.0,0,130
4,5,1.0,0,130
4,6,1.0,0,130
4,7,1.0,0,130
4,8,1.0,0,130
4,9,1.0,0,130
4,10,1.0,0,130
4,11,1.0,0,130
4,12,1.0,0,130
4,13,1.0,0,130
4,14,1.0,0,130
4,15,1.0,0,130
4,16,1.0,0,130
4,17,1.0,0,130
4,18,1.0,0,130
4,19,1.0,0,130
4,20,1.0,0,130
4,21,1.0,0,130
4,22,1.0,0,130
4,23,1.0,0,130
4,24,1.0,0,130
4,25,1.0,0,130
4,26,1.0,0,130
4,27,1.0,0,130
4,28,1.0,0,130
4,29,1.0,0,130
4,30,1.0,0,130
4,31,1.0,0,130
4,32,1.0,0,130
4,33,1.0,0,130
4,34,1.0,0,130
4,35,1.0,0,130
4,36,1.0,0,130
4,37,1.0,0,130
4,38,1.0,0,130
4,39,1.0,0,130
4,40,1.0,0,130
4,41,1.0,0,130
4,42,1.0,0,130
4,43,1.0,0,130
4,44,1.0,0,130
4,45,1.0,0,130
4,46,1.0,0,130
4,47,1.0,0,130
4,48,1.0,0,130
4,49,1.0,0,130
4,50,1.0,0,130
4,51,1.0,0,130
4,52,1.0,0,130
4,53,1.0,0,130
4,54,1.0,0,130
4,55,1.0,0,130
4,56,1.0,0,130
4,57,1.0,0,130
4,58,1.0,0,130
4,59,1.0,0,129
4,60,1.0,0,128
4,61,1.0,0,127
4,62,1.0,0,126
4,63,1.0,0,125
4,64,1.0,0,124
4,65,1.0,0,123
4,66,1.0,0,122
4,67,1.0,0,121
4,68,1.0,0,120
4,69,1.0,0,119
4,70,1.0,0,118
4,71,1.0,0,117
4,72,1.0,0,116
4,73,1.0,0,115
4,74,1.0,0,114
4,75,1.0,0,113
4,76,1.0,0,112
4,77,1.0,0,111
4,78,1.0,0,110
4,79,1.0,0,109
4,80,1.0,0,108
4,81,1.0,0,107
4,82,1.0,0,106
4,83,1.0,0,105
4,84,1.0,0,104
4,85,1.0,0,103
4,86,1.0,0,102
4,87,1.0,0,101
4,88,1.0,0,100
4,89,1.0,0,99
4,90,1.0,0,98
4,91,1.0,0,97
4,92,1.0,0,96
4,93,1.0,0,95
4,94,1.0,0,94
4,95,1.0,0,93
4,96,1.0,0,92
4,97,1.0,0,91
4,98,1.0,0,90
4,99,1.0,0,89
4,100,1.0,0,88
4,101,1.0,0,87
4,102,1.0,0,86
4,103,1.0,0,85
4,104,1.0,0,84
4,105,1.0,0,83
4,106,1.0,0,82
5,1,1.0,0,130
5,2,1.0,0,130
5,3,1.0,0,130
5,4,1.0,0,130
5,5,1.0,0,130
5,6,1.0,0,130
5,7,1.0,0,130
5,8,1.0,0,130
5,9,1.0,0,130
5,10,1.0,0,130
5,11,1.0,0,130
5,12,1.0,0,130
5,13,1.0,0,130
5,14,1.0,0,130
5,15,1.0,0,130
5,16,1.0,0,130
5,17,1.0,0,130
5,18,1.0,0,130
5,19,1.0,0,130
5,20,1.0,0,130
5,21,1.0,0,130
5,22,1.0,0,130
5,23,1.0,0,130
5,24,1.0,0,130
5,25,1.0,0,130
5,26,1.0,0,130
5,27,1.0,0,130
5,28,1.0,0,130
5,29,1.0,0,130
5,30,1.0,0,130
5,31,1.0,0,130
5,32,1.0,0,130
5,33,1.0,0,130
5,34,1.0,0,130
5,35,1.0,0,130
5,36,1.0,0,130
5,37,1.0,0,130
5,38,1.0,0,130
5,39,1.0,0,130
5,40,1.0,0,130
5,41,1.0,0,130
5,42,1.0,0,130
5,43,1.0,0,130
5,44,1.0,0,130
5,45,1.0,0,130
5,46,1.0,0,130
5,47,1.0,0,130
5,48,1.0,0,130
5,49,1.0,0,130
5,50,1.0,0,130
5,51,1.0,0,130
5,52,1.0,0,130
5,53,1.0,0,130
5,54,1.0,0,130
5,55,1.0,0,130
5,56,1.0,0,130
5,57,1.0,0,130
5,58,1.0,0,130
5,59,1.0,0,130
5,60,1.0,0,129
5,61,1.0,0,128
5,62,1.0,0,127
5,63,1.0,0,126
5,64,1.0,0,125
5,65,1.0,0,124
5,66,1.0,0,123
5,67,1.0,0,122
5,68,1.0,0,121
5,69,1.0,0,120
5,70,1.0,0,119
5,71,1.0,0,118
5,72,1.0,0,117
5,73,1.0,0,116
5,74,1.0,0,115
5,75,1.0,0,114
5,76,1.0,0,113
5,77,1.0,0,112
5,78,1.0,0,111
5,79,1.0,0,110
5,80,1.0,0,109
5,81,1.0,0,108
5,82,1.0,0,107
5,83,1.0,0,106
5,84,1.0,0,105
5,85,1.0,0,104
5,86,1.0,0,103
5,87,1.0,0,102
5,88,1.0,0,101
5,89,1.0,0,100
5,90,1.0,0,99
5,91,1.0,0,98
5,92,1.0,0,97
5,93,1.0,0,96
5,94,1.0,0,95
5,95,1.0,0,94
5,96,1.0,0,93
5,97,1.0,0,92
5,98,1.0,0,91
6,1,1.0,0,130
6,2,1.0,0,130
6,3,1.0,0,130
6,4,1.0,0,130
6,5,1.0,0,130
6,6,1.0,0,130
6,7,1.0,0,130
6,8,1.0,0,130
6,9,1.0,0,130
6,10,1.0,0,130
6,11,1.0,0,130
6,12,1.0,0,130
6,13,1.0,0,130
6,14,1.0,0,130
6,15,1.0,0,130
6,16,1.0,0,130
6,17,1.0,0,130
6,18,1.0,0,130
6,19,1.0,0,130
6,20,1.0,0,130
6,21,1.0,0,130
6,22,1.0,0,130
6,23,1.0,0,130
6,24,1.0,0,130
6,25,1.0,0,130
6,26,1.0,0,130
6,27,1.0,0,130
6,28,1.0,0,130
6,29,1.0,0,130
6,30,1.0,0,130
6,31,1.0,0,130
6,32,1.0,0,130
6,33,1.0,0,130
6,34,1.0,0,130
6,35,1.0,0,130
6,36,1.0,0,130
6,37,1.0,0,130
6,38,1.0,0,130
6,39,1.0,0,130
6,40,1.0,0,130
6,41,1.0,0,130
6,42,1.0,0,130
6,43,1.0,0,130
6,44,1.0,0,130
6,45,1.0,0,130
6,46,1.0,0,130
6,47,1.0,0,130
6,48,1.0,0,130
6,49,1.0,0,130
6,50,1.0,0,130
6,51,1.0,0,130
6,52,1.0,0,130
6,53,1.0,0,130
6,54,1.0,0,130
6,55,1.0,0,130
6,56,1.0,0,130
6,57,1.0,0,130
6,58,1.0,0,130
6,59,1.0,0,130
6,60,1.0,0,130
6,61,1.0,0,130
6,62,1.0,0,130
6,63,1.0,0,130
6,64,1.0,0,130
6,65,1.0,0,130
6,66,1.0,0,130
6,67,1.0,0,130
6,68,1.0,0,130
6,69,1.0,0,129
6,70,1.0,0,128
6,71,1.0,0,127
6,72,1.0,0,126
6,73,1.0,0,125
6,74,1.0,0,124
6,75,1.0,0,123
6,76,1.0,0,122
6,77,1.0,0,121
6,78,1.0,0,120
6,79,1.0,0,119
6,80,1.0,0,118
6,81,1.0,0,117
6,82,1.0,0,116
6,83,1.0,0,115
6,84,1.0,0,114
6,85,1.0,0,113
6,86,1.0,0,112
6,87,1.0,0,111
6,88,1.0,0,110
6,89,1.0,0,109
6,90,1.0,0,108
6,91,1.0,0,107
6,92,1.0,0,106
6,93,1.0,0,105
6,94,1.0,0,104
6,95,1.0,0,103
6,96,1.0,0,102
6,97,1.0,0,101
6,98,1.0,0,100
6,99,1.0,0,99
6,100,1.0,0,98
6,101,1.0,0,97
6,102,1.0,0,96
6,103,1.0,0,95
6,104,1.0,0,94
6,105,1.0,0,93
7,1,1.0,0,130
7,2,1.0,0,130
7,3,1.0,0,130
7,4,1.0,0,130
7,5,1.0,0,130
7,6,1.0,0,130
7,7,1.0,0,130
7,8,1.0,0,130
7,9,1.0,0,130
7,10,1.0,0,130
7,11,1.0,0,130
7,12,1.0,0,130
7,13,1.0,0,130
7,14,1.0,0,130
7,15,1.0,0,130
7,16,1.0,0,130
7,17,1.0,0,130
7,18,1.0,0,130
7,19,1.0,0,130
7,20,1.0,0,130
7,21,1.0,0,130
7,22,1.0,0,130
7,23,1.0,0,130
7,24,1.0,0,130
7,25,1.0,0,130
7,26,1.0,0,130
7,27,1.0,0,130
7,28,1.0,0,130
7,29,1.0,0,130
7,30,1.0,0,130
7,31,1.0,0,130
7,32,1.0,0,130
7,33,1.0,0,130
7,34,1.0,0,130
7,35,1.0,0,130
7,36,1.0,0,130
7,37,1.0,0,130
7,38,1.0,0,130
7,39,1.0,0,130
7,40,1.0,0,130
7,41,1.0,0,130
7,42,1.0,0,130
7,43,1.0,0,130
7,44,1.0,0,130
7,45,1.0,0,130
7,46,1.0,0,130
7,47,1.0,0,130
7,48,1.0,0,130
7,49,1.0,0,130
7,50,1.0,0,130
7,51,1.0,0,130
7,52,1.0,0,130
7,53,1.0,0,130
7,54,1.0,0,130
7,55,1.0,0,130
7,56,1.0,0,130
7,57,1.0,0,130
7,58,1.0,0,130
7,59,1.0,0,130
7,60,1.0,0,130
7,61,1.0,0,130
7,62,1.0,0,130
7,63,1.0,0,130
7,64,1.0,0,130
7,65,1.0,0,130
7,66,1.0,0,130
7,67,1.0,0,130
7,68,1.0,0,130
7,69,1.0,0,130
7,70,1.0,0,130
7,71,1.0,0,130
7,72,1.0,0,130
7,73,1.0,0,130
7,74,1.0,0,130
7,75,1.0,0,130
7,76,1.0,0,130
7,77,1.0,0,130
7,78,1.0,0,130
7,79,1.0,0,130
7,80,1.0,0,130
7,81,1.0,0,130
7,82,1.0,0,130
7,83,1.0,0,130
7,84,1.0,0,130
7,85,1.0,0,130
7,86,1.0,0,130
7,87,1.0,0,130
7,88,1.0,0,130
7,89,1.0,0,130
7,90,1.0,0,130
7,91,1.0,0,130
7,92,1.0,0,130
7,93,1.0,0,130
7,94,1.0,0,130
7,95,1.0,0,130
7,96,1.0,0,130
7,97,1.0,0,130
7,98,1.0,0,130
7,99,1.0,0,130
7,100,1.0,0,130
7,101,1.0,0,130
7,102,1.0,0,130
7,103,1.0,0,130
7,104,1.0,0,130
7,105,1.0,0,130
7,106,1.0,0,130
7,107,1.0,0,130
7,108,1.0,0,130
7,109,1.0,0,130
7,110,1.0,0,130
7,111,1.0,0,130
7,112,1.0,0,130
7,113,1.0,0,130
7,114,1.0,0,130
7,115,1.0,0,130
7,116,1.0,0,130
7,117,1.0,0,130
7,118,1.0,0,130
7,119,1.0,0,130
7,120,1.0,0,130
7,121,1.0,0,130
7,122,1.0,0,129
7,123,1.0,0,128
7,124,1.0,0,127
7,125,1.0,0,126
7,126,1.0,0,125
7,127,1.0,0,124
7,128,1.0,0,123
7,129,1.0,0,122
7,130,1.0,0,121
7,131,1.0,0,120
7,132,1.0,0,119
7,133,1.0,0,118
7,134,1.0,0,117
7,135,1.0,0,116
7,136,1.0,0,115
7,137,1.0,0,114
7,138,1.0,0,113
7,139,1.0,0,112
7,140,1.0,0,111
7,141,1.0,0,110
7,142,1.0,0,109
7,143,1.0,0,108
7,144,1.0,0,107
7,145,1.0,0,106
7,146,1.0,0,105
7,147,1.0,0,104
7,148,1.0,0,103
7,149,1.0,0,102
7,150,1.0,0,101
7,151,1.0,0,100
7,152,1.0,0,99
7,153,1.0,0,98
7,154,1.0,0,97
7,155,1.0,0,96
7,156,1.0,0,95
7,157,1.0,0,94
7,158,1.0,0,93
7,159,1.0,0,92
7,160,1.0,0,91
8,1,1.0,0,130
8,2,1.0,0,130
8,3,1.0,0,130
8,4,1.0,0,130
8,5,1.0,0,130
8,6,1.0,0,130
8,7,1.0,0,130
8,8,1.0,0,130
8,9,1.0,0,130
8,10,1.0,0,130
8,11,1.0,0,130
8,12,1.0,0,130
8,13,1.0,0,130
8,14,1.0,0,130
8,15,1.0,0,130
8,16,1.0,0,130
8,17,1.0,0,130
8,18,1.0,0,130
8,19,1.0,0,130
8,20,1.0,0,130
8,21,1.0,0,130
8,22,1.0,0,130
8,23,1.0,0,130
8,24,1.0,0,130
8,25,1.0,0,130
8,26,1.0,0,130
8,27,1.0,0,130
8,28,1.0,0,130
8,29,1.0,0,130
8,30,1.0,0,130
8,31,1.0,0,130
8,32,1.0,0,130
8,33,1.0,0,130
8,34,1.0,0,130
8,35,1.0,0,130
8,36,1.0,0,130
8,37,1.0,0,130
8,38,1.0,0,130
8,39,1.0,0,130
8,40,1.0,0,130
8,41,1.0,0,130
8,42,1.0,0,130
8,43,1.0,0,130
8,44,1.0,0,130
8,45,1.0,0,130
8,46,1.0,0,130
8,47,1.0,0,130
8,48,1.0,0,130
8,49,1.0,0,130
8,50,1.0,0,130
8,51,1.0,0,130
8,52,1.0,0,130
8,53,1.0,0,130
8,54,1.0,0,130
8,55,1.0,0,130
8,56,1.0,0,130
8,57,1.0,0,130
8,58,1.0,0,130
8,59,1.0,0,130
8,60,1.0,0,130
8,61,1.0,0,130
8,62,1.0,0,130
8,63,1.0,0,130
8,64,1.0,0,130
8,65,1.0,0,130
8,66,1.0,0,130
8,67,1.0,0,130
8,68,1.0,0,130
8,69,1.0,0,130
8,70,1.0,0,130
8,71,1.0,0,130
8,72,1.0,0,130
8,73,1.0,0,130
8,74,1.0,0,130
8,75,1.0,0,130
8,76,1.0,0,130
8,77,1.0,0,130
8,78,1.0,0,130
8,79,1.0,0,130
8,80,1.0,0,130
8,81,1.0,0,130
8,82,1.0,0,130
8,83,1.0,0,130
8,84,1.0,0,130
8,85,1.0,0,130
8,86,1.0,0,130
8,87,1.0,0,130
8,88,1.0,0,130
8,89,1.0,0,130
8,90,1.0,0,130
8,91,1.0,0,130
8,92,1.0,0,130
8,93,1.0,0,130
8,94,1.0,0,130
8,95,1.0,0,130
8,96,1.0,0,130
8,97,1.0,0,130
8,98,1.0,0,130
8,99,1.0,0,130
8,100,1.0,0,130
8,101,1.0,0,130
8,102,1.0,0,130
8,103,1.0,0,130
8,104,1.0,0,130
8,105,1.0,0,130
8,106,1.0,0,130
8,107,1.0,0,130
8,108,1.0,0,130
8,109,1.0,0,130
8,110,1.0,0,130
8,111,1.0,0,130
8,112,1.0,0,130
8,113,1.0,0,130
8,114,1.0,0,130
8,115,1.0,0,130
8,116,1.0,0,130
8,117,1.0,0,130
8,118,1.0,0,130
8,119,1.0,0,130
8,120,1.0,0,130
8,121,1.0,0,130
8,122,1.0,0,130
8,123,1.0,0,130
8,124,1.0,0,130
8,125,1.0,0,130
8,126,1.0,0,130
8,127,1.0,0,130
8,128,1.0,0,130
8,129,1.0,0,130
8,130,1.0,0,130
8,131,1.0,0,130
8,132,1.0,0,129
8,133,1.0,0,128
8,134,1.0,0,127
8,135,1.0,0,126
8,136,1.0,0,125
8,137,1.0,0,124
8,138,1.0,0,123
8,139,1.0,0,122
8,140,1.0,0,121
8,141,1.0,0,120
8,142,1.0,0,119
8,143,1.0,0,118
8,144,1.0,0,117
8,145,1.0,0,116
8,146,1.0,0,115
8,147,1.0,0,114
8,148,1.0,0,113
8,149,1.0,0,112
8,150,1.0,0,111
8,151,1.0,0,110
8,152,1.0,0,109
8,153,1.0,0,108
8,154,1.0,0,107
8,155,1.0,0,106
8,156,1.0,0,105
8,157,1.0,0,104
8,158,1.0,0,103
8,159,1.0,0,102
8,160,1.0,0,101
8,161,1.0,0,100
8,162,1.0,0,99
8,163,1.0,0,98
8,164,1.0,0,97
8,165,1.0,0,96
8,166,1.0,0,95
9,1,1.0,0,130
9,2,1.0,0,130
9,3,1.0,0,130
9,4,1.0,0,130
9,5,1.0,0,130
9,6,1.0,0,130
9,7,1.0,0,130
9,8,1.0,0,130
9,9,1.0,0,130
9,10,1.0,0,130
9,11,1.0,0,130
9,12,1.0,0,130
9,13,1.0,0,130
9,14,1.0,0,130
9,15,1.0,0,130
9,16,1.0,0,130
9,17,1.0,0,130
9,18,1.0,0,130
9,19,1.0,0,130
9,20,1.0,0,130
9,21,1.0,0,130
9,22,1.0,0,130
9,23,1.0,0,130
9,24,1.0,0,130
9,25,1.0,0,130
9,26,1.0,0,130
9,27,1.0,0,130
9,28,1.0,0,130
9,29,1.0,0,130
9,30,1.0,0,130
9,31,1.0,0,130
9,32,1.0,0,130
9,33,1.0,0,130
9,34,1.0,0,130
9,35,1.0,0,130
9,36,1.0,0,130
9,37,1.0,0,129
9,38,1.0,0,128
9,39,1.0,0,127
9,40,1.0,0,126
9,41,1.0,0,125
9,42,1.0,0,124
9,43,1.0,0,123
9,44,1.0,0,122
9,45,1.0,0,121
9,46,1.0,0,120
9,47,1.0,0,119
9,48,1.0,0,118
9,49,1.0,0,117
9,50,1.0,0,116
9,51,1.0,0,115
9,52,1.0,0,114
9,53,1.0,0,113
9,54,1.0,0,112
9,55,1.0,0,111
10,1,1.0,0,130
10,2,1.0,0,130
10,3,1.0,0,130
10,4,1.0,0,130
10,5,1.0,0,130
10,6,1.0,0,130
10,7,1.0,0,130
10,8,1.0,0,130
10,9,1.0,0,130
10,10,1.0,0,130
10,11,1.0,0,130
10,12,1.0,0,130
10,13,1.0,0,130
10,14,1.0,0,130
10,15,1.0,0,130
10,16,1.0,0,130
10,17,1.0,0,130
10,18,1.0,0,130
10,19,1.0,0,130
10,20,1.0,0,130
10,21,1.0,0,130
10,22,1.0,0,130
10,23,1.0,0,130
10,24,1.0,0,130
10,25,1.0,0,130
10,26,1.0,0,130
10,27,1.0,0,130
10,28,1.0,0,130
10,29,1.0,0,130
10,30,1.0,0,130
10,31,1.0,0,130
10,32,1.0,0,130
10,33,1.0,0,130
10,34,1.0,0,130
10,35,1.0,0,130
10,36,1.0,0,130
10,37,1.0,0,130
10,38,1.0,0,130
10,39,1.0,0,130
10,40,1.0,0,130
10,41,1.0,0,130
10,42,1.0,0,130
10,43,1.0,0,130
10,44,1.0,0,130
10,45,1.0,0,130
10,46,1.0,0,130
10,47,1.0,0,130
10,48,1.0,0,130
10,49,1.0,0,130
10,50,1.0,0,130
10,51,1.0,0,130
10,52,1.0,0,130
10,53,1.0,0,130
10,54,1.0,0,130
10,55,1.0,0,130
10,56,1.0,0,130
10,57,1.0,0,130
10,58,1.0,0,130
10,59,1.0,0,130
10,60,1.0,0,130
10,61,1.0,0,130
10,62,1.0,0,130
10,63,1.0,0,130
10,64,1.0,0,130
10,65,1.0,0,130
10,66,1.0,0,130
10,67,1.0,0,130
10,68,1.0,0,130
10,69,1.0,0,130
10,70,1.0,0,130
10,71,1.0,0,130
10,72,1.0,0,130
10,73,1.0,0,130
10,74,1.0,0,130
10,75,1.0,0,130
10,76,1.0,0,130
10,77,1.0,0,130
10,78,1.0,0,130
10,79,1.0,0,130
10,80,1.0,0,130
10,81,1.0,0,130
10,82,1.0,0,130
10,83,1.0,0,130
10,84,1.0,0,130
10,85,1.0,0,130
10,86,1.0,0,130
10,87,1.0,0,130
10,88,1.0,0,130
10,89,1.0,0,130
10,90,1.0,0,130
10,91,1.0,0,130
10,92,1.0,0,130
10,93,1.0,0,130
10,94,1.0,0,130
10,95,1.0,0,130
10,96,1.0,0,130
10,97,1.0,0,130
10,98,1.0,0,130
10,99,1.0,0,130
10,100,1.0,0,130
10,101,1.0,0,130
10,102,1.0,0,130
10,103,1.0,0,130
10,104,1.0,0,130
10,105,1.0,0,130
10,106,1.0,0,130
10,107,1.0,0,130
10,108,1.0,0,130
10,109,1.0,0,130
10,110,1.0,0,130
10,111,1.0,0,130
10,112,1.0,0,130
10,113,1.0,0,130
10,114,1.0,0,130
10,115,1.0,0,130
10,116,1.0,0,130
10,117,1.0,0,130
10,118,1.0,0,130
10,119,1.0,0,130
10,120,1.0,0,130
10,121,1.0,0,130
10,122,1.0,0,130
10,123,1.0,0,130
10,124,1.0,0,130
10,125,1.0,0,130
10,126,1.0,0,130
10,127,1.0,0,130
10,128,1.0,0,130
10,129,1.0,0,130
10,130,1.0,0,130
10,131,1.0,0,130
10,132,1.0,0,130
10,133,1.0,0,130
10,134,1.0,0,130
10,135,1.0,0,130
10,136,1.0,0,130
10,137,1.0,0,130
10,138,1.0,0,130
10,139,1.0,0,130
10,140,1.0,0,130
10,141,1.0,0,130
10,142,1.0,0,130
10,143,1.0,0,130
10,144,1.0,0,130
10,145,1.0,0,130
10,146,1.0,0,130
10,147,1.0,0,130
10,148,1.0,0,130
10,149,1.0,0,130
10,150,1.0,0,130
10,151,1.0,0,130
10,152,1.0,0,130
10,153,1.0,0,130
10,154,1.0,0,130
10,155,1.0,0,130
10,156,1.0,0,130
10,157,1.0,0,130
10,158,1.0,0,130
10,159,1.0,0,129
10,160,1.0,0,128
10,161,1.0,0,127
10,162,1.0,0,126
10,163,1.0,0,125
10,164,1.0,0,124
10,165,1.0,0,123
10,166,1.0,0,122
10,167,1.0,0,121
10,168,1.0,0,120
10,169,1.0,0,119
10,170,1.0,0,118
10,171,1.0,0,117
10,172,1.0,0,116
10,173,1.0,0,115
10,174,1.0,0,114
10,175,1.0,0,113
10,176,1.0,0,112
10,177,1.0,0,111
10,178,1.0,0,110
10,179,1.0,0,109
10,180,1.0,0,108
10,181,1.0,0,107
10,182,1.0,0,106
10,183,1.0,0,105
10,184,1.0,0,104
10,185,1.0,0,103
10,186,1.0,0,102
10,187,1.0,0,101
10,188,1.0,0,100
10,189,1.0,0,99
10,190,1.0,0,98
10,191,1.0,0,97
10,192,1.0,0,96
11,1,1.0,0,130
11,2,1.0,0,130
11,3,1.0,0,130
11,4,1.0,0,130
11,5,1.0,0,130
11,6,1.0,0,130
11,7,1.0,0,130
11,8,1.0,0,130
11,9,1.0,0,130
11,10,1.0,0,130
11,11,1.0,0,130
11,12,1.0,0,130
11,13,1.0,0,130
11,14,1.0,0,130
11,15,1.0,0,130
11,16,1.0,0,130
11,17,1.0,0,130
11,18,1.0,0,130
11,19,1.0,0,130
11,20,1.0,0,130
11,21,1.0,0,130
11,22,1.0,0,130
11,23,1.0,0,130
11,24,1.0,0,130
11,25,1.0,0,130
11,26,1.0,0,130
11,27,1.0,0,130
11,28,1.0,0,130
11,29,1.0,0,130
11,30,1.0,0,130
11,31,1.0,0,130
11,32,1.0,0,130
11,33,1.0,0,130
11,34,1.0,0,130
11,35,1.0,0,130
11,36,1.0,0,130
11,37,1.0,0,130
11,38,1.0,0,130
11,39,1.0,0,130
11,40,1.0,0,130
11,41,1.0,0,130
11,42,1.0,0,130
11,43,1.0,0,130
11,44,1.0,0,130
11,45,1.0,0,130
11,46,1.0,0,130
11,47,1.0,0,130
11,48,1.0,0,130
11,49,1.0,0,130
11,50,1.0,0,130
11,51,1.0,0,129
11,52,1.0,0,128
11,53,1.0,0,127
11,54,1.0,0,126
11,55,1.0,0,125
11,56,1.0,0,124
11,57,1.0,0,123
11,58,1.0,0,122
11,59,1.0,0,121
11,60,1.0,0,120
11,61,1.0,0,119
11,62,1.0,0,118
11,63,1.0,0,117
11,64,1.0,0,116
11,65,1.0,0,115
11,66,1.0,0,114
11,67,1.0,0,113
11,68,1.0,0,112
11,69,1.0,0,111
11,70,1.0,0,110
11,71,1.0,0,109
11,72,1.0,0,108
11,73,1.0,0,107
11,74,1.0,0,106
11,75,1.0,0,105
11,76,1.0,0,104
11,77,1.0,0,103
11,78,1.0,0,102
11,79,1.0,0,101
11,80,1.0,0,100
11,81,1.0,0,99
11,82,1.0,0,98
11,83,1.0,0,97
12,1,1.0,0,130
12,2,1.0,0,130
12,3,1.0,0,130
12,4,1.0,0,130
12,5,1.0,0,130
12,6,1.0,0,130
12,7,1.0,0,130
12,8,1.0,0,130
12,9,1.0,0,130
12,10,1.0,0,130
12,11,1.0,0,130
12,12,1.0,0,130
12,13,1.0,0,130
12,14,1.0,0,130
12,15,1.0,0,130
12,16,1.0,0,130
12,17,1.0,0,130
12,18,1.0,0,130
12,19,1.0,0,130
12,20,1.0,0,130
12,21,1.0,0,130
12,22,1.0,0,130
12,23,1.0,0,130
12,24,1.0,0,130
12,25,1.0,0,130
12,26,1.0,0,130
12,27,1.0,0,130
12,28,1.0,0,130
12,29,1.0,0,130
12,30,1.0,0,130
12,31,1.0,0,130
12,32,1.0,0,130
12,33,1.0,0,130
12,34,1.0,0,130
12,35,1.0,0,130
12,36,1.0,0,130
12,37,1.0,0,130
12,38,1.0,0,130
12,39,1.0,0,130
12,40,1.0,0,130
12,41,1.0,0,130
12,42,1.0,0,130
12,43,1.0,0,130
12,44,1.0,0,130
12,45,1.0,0,130
12,46,1.0,0,130
12,47,1.0,0,130
12,48,1.0,0,130
12,49,1.0,0,130
12,50,1.0,0,130
12,51,1.0,0,130
12,52,1.0,0,130
12,53,1.0,0,130
12,54,1.0,0,130
12,55,1.0,0,130
12,56,1.0,0,130
12,57,1.0,0,130
12,58,1.0,0,130
12,59,1.0,0,130
12,60,1.0,0,130
12,61,1.0,0,130
12,62,1.0,0,130
12,63,1.0,0,130
12,64,1.0,0,130
12,65,1.0,0,130
12,66,1.0,0,130
12,67,1.0,0,130
12,68,1.0,0,130
12,69,1.0,0,130
12,70,1.0,0,130
12,71,1.0,0,130
12,72,1.0,0,130
12,73,1.0,0,130
12,74,1.0,0,130
12,75,1.0,0,130
12,76,1.0,0,130
12,77,1.0,0,130
12,78,1.0,0,130
12,79,1.0,0,130
12,80,1.0,0,130
12,81,1.0,0,130
12,82,1.0,0,130
12,83,1.0,0,130
12,84,1.0,0,130
12,85,1.0,0,130
12,86,1.0,0,130
12,87,1.0,0,130
12,88,1.0,0,130
12,89,1.0,0,130
12,90,1.0,0,130
12,91,1.0,0,130
12,92,1.0,0,130
12,93,1.0,0,130
12,94,1.0,0,130
12,95,1.0,0,130
12,96,1.0,0,130
12,97,1.0,0,130
12,98,1.0,0,130
12,99,1.0,0,130
12,100,1.0,0,130
12,101,1.0,0,130
12,102,1.0,0,130
12,103,1.0,0,130
12,104,1.0,0,130
12,105,1.0,0,130
12,106,1.0,0,130
12,107,1.0,0,130
12,108,1.0,0,130
12,109,1.0,0,130
12,110,1.0,0,130
12,111,1.0,0,130
12,112,1.0,0,130
12,113,1.0,0,130
12,114,1.0,0,130
12,115,1.0,0,130
12,116,1.0,0,130
12,117,1.0,0,130
12,118,1.0,0,130
12,119,1.0,0,130
12,120,1.0,0,130
12,121,1.0,0,130
12,122,1.0,0,130
12,123,1.0,0,130
12,124,1.0,0,130
12,125,1.0,0,130
12,126,1.0,0,130
12,127,1.0,0,130
12,128,1.0,0,130
12,129,1.0,0,130
12,130,1.0,0,130
12,131,1.0,0,130
12,132,1.0,0,130
12,133,1.0,0,130
12,134,1.0,0,130
12,135,1.0,0,130
12,136,1.0,0,130
12,137,1.0,0,130
12,138,1.0,0,130
12,139,1.0,0,130
12,140,1.0,0,130
12,141,1.0,0,130
12,142,1.0,0,130
12,143,1.0,0,130
12,144,1.0,0,130
12,145,1.0,0,130
12,146,1.0,0,130
12,147,1.0,0,130
12,148,1.0,0,130
12,149,1.0,0,130
12,150,1.0,0,130
12,151,1.0,0,130
12,152,1.0,0,130
12,153,1.0,0,130
12,154,1.0,0,130
12,155,1.0,0,130
12,156,1.0,0,130
12,157,1.0,0,130
12,158,1.0,0,130
12,159,1.0,0,130
12,160,1.0,0,130
12,161,1.0,0,130
12,162,1.0,0,130
12,163,1.0,0,130
12,164,1.0,0,130
12,165,1.0,0,130
12,166,1.0,0,130
12,167,1.0,0,130
12,168,1.0,0,130
12,169,1.0,0,130
12,170,1.0,0,130
12,171,1.0,0,130
12,172,1.0,0,130
12,173,1.0,0,130
12,174,1.0,0,130
12,175,1.0,0,130
12,176,1.0,0,130
12,177,1.0,0,130
12,178,1.0,0,130
12,179,1.0,0,130
12,180,1.0,0,130
12,181,1.0,0,130
12,182,1.0,0,130
12,183,1.0,0,130
12,184,1.0,0,130
12,185,1.0,0,130
12,186,1.0,0,130
12,187,1.0,0,130
12,188,1.0,0,130
12,189,1.0,0,130
12,190,1.0,0,130
12,191,1.0,0,130
12,192,1.0,0,130
12,193,1.0,0,130
12,194,1.0,0,130
12,195,1.0,0,130
12,196,1.0,0,130
12,197,1.0,0,130
12,198,1.0,0,130
12,199,1.0,0,130
12,200,1.0,0,130
12,201,1.0,0,130
12,202,1.0,0,130
12,203,1.0,0,130
12,204,1.0,0,130
12,205,1.0,0,130
12,206,1.0,0,130
12,207,1.0,0,130
12,208,1.0,1,130
12,209,1.0,1,130
12,210,1.0,0,130
12,211,1.0,0,130
12,212,1.0,0,129
12,213,1.0,0,128
12,214,1.0,0,127
12,215,1.0,0,126
12,216,1.0,0,125
12,217,1.0,0,124
13,1,1.0,0,130
13,2,1.0,0,130
13,3,1.0,0,130
13,4,1.0,0,130
13,5,1.0,0,130
13,6,1.0,0,130
13,7,1.0,0,130
13,8,1.0,0,130
13,9,1.0,0,130
13,10,1.0,0,130
13,11,1.0,0,130
13,12,1.0,0,130
13,13,1.0,0,130
13,14,1.0,0,130
13,15,1.0,0,130
13,16,1.0,0,130
13,17,1.0,0,130
13,18,1.0,0,130
13,19,1.0,0,130
13,20,1.0,0,130
13,21,1.0,0,130
13,22,1.0,0,130
13,23,1.0,0,130
13,24,1.0,0,130
13,25,1.0,0,130
13,26,1.0,0,130
13,27,1.0,0,130
13,28,1.0,0,130
13,29,1.0,0,130
13,30,1.0,0,130
13,31,1.0,0,130
13,32,1.0,0,130
13,33,1.0,0,130
13,34,1.0,0,130
13,35,1.0,0,130
13,36,1.0,0,130
13,37,1.0,0,130
13,38,1.0,0,130
13,39,1.0,0,130
13,40,1.0,0,130
13,41,1.0,0,130
13,42,1.0,0,130
13,43,1.0,0,130
13,44,1.0,0,130
13,45,1.0,0,130
13,46,1.0,0,130
13,47,1.0,0,130
13,48,1.0,0,130
13,49,1.0,0,130
13,50,1.0,0,130
13,51,1.0,0,130
13,52,1.0,0,130
13,53,1.0,0,130
13,54,1.0,0,130
13,55,1.0,0,130
13,56,1.0,0,130
13,57,1.0,0,130
13,58,1.0,0,130
13,59,1.0,0,130
13,60,1.0,0,130
13,61,1.0,0,130
13,62,1.0,0,130
13,63,1.0,0,130
13,64,1.0,0,130
13,65,1.0,0,130
13,66,1.0,0,130
13,67,1.0,0,130
13,68,1.0,0,130
13,69,1.0,0,130
13,70,1.0,0,130
13,71,1.0,0,130
13,72,1.0,0,130
13,73,1.0,0,130
13,74,1.0,0,130
13,75,1.0,0,130
13,76,1.0,0,130
13,77,1.0,0,130
13,78,1.0,0,130
13,79,1.0,0,130
13,80,1.0,0,130
13,81,1.0,0,130
13,82,1.0,0,130
13,83,1.0,0,130
13,84,1.0,0,130
13,85,1.0,0,130
13,86,1.0,0,130
13,87,1.0,0,130
13,88,1.0,0,130
13,89,1.0,0,130
13,90,1.0,0,130
13,91,1.0,0,130
13,92,1.0,0,130
13,93,1.0,0,130
13,94,1.0,0,130
13,95,1.0,0,130
13,96,1.0,0,130
13,97,1.0,0,130
13,98,1.0,0,130
13,99,1.0,0,130
13,100,1.0,0,130
13,101,1.0,0,130
13,102,1.0,0,130
13,103,1.0,0,130
13,104,1.0,0,130
13,105,1.0,0,130
13,106,1.0,0,130
13,107,1.0,0,130
13,108,1.0,0,130
13,109,1.0,0,130
13,110,1.0,0,130
13,111,1.0,0,130
13,112,1.0,0,130
13,113,1.0,0,130
13,114,1.0,0,130
13,115,1.0,0,130
13,116,1.0,0,130
13,117,1.0,0,130
13,118,1.0,0,130
13,119,1.0,0,130
13,120,1.0,0,130
13,121,1.0,0,130
13,122,1.0,0,130
13,123,1.0,0,130
13,124,1.0,0,130
13,125,1.0,0,130
13,126,1.0,0,130
13,127,1.0,0,130
13,128,1.0,0,130
13,129,1.0,0,130
13,130,1.0,0,130
13,131,1.0,0,130
13,132,1.0,0,130
13,133,1.0,0,130
13,134,1.0,0,130
13,135,1.0,0,130
13,136,1.0,0,130
13,137,1.0,0,130
13,138,1.0,0,130
13,139,1.0,0,130
13,140,1.0,0,130
13,141,1.0,0,130
13,142,1.0,0,130
13,143,1.0,0,130
13,144,1.0,0,130
13,145,1.0,0,130
13,146,1.0,0,130
13,147,1.0,0,130
13,148,1.0,0,130
13,149,1.0,0,130
13,150,1.0,0,130
13,151,1.0,0,130
13,152,1.0,0,130
13,153,1.0,0,130
13,154,1.0,0,130
13,155,1.0,0,130
13,156,1.0,0,130
13,157,1.0,0,130
13,158,1.0,0,130
13,159,1.0,0,130
13,160,1.0,0,130
13,161,1.0,0,129
13,162,1.0,0,128
13,163,1.0,0,127
13,164,1.0,0,126
13,165,1.0,0,125
13,166,1.0,0,124
13,167,1.0,0,123
13,168,1.0,0,122
13,169,1.0,0,121
13,170,1.0,0,120
13,171,1.0,0,119
13,172,1.0,0,118
13,173,1.0,0,117
13,174,1.0,0,116
13,175,1.0,0,115
13,176,1.0,0,114
13,177,1.0,0,113
13,178,1.0,0,112
13,179,1.0,0,111
13,180,1.0,0,110
13,181,1.0,0,109
13,182,1.0,0,108
13,183,1.0,0,107
13,184,1.0,0,106
13,185,1.0,0,105
13,186,1.0,0,104
13,187,1.0,0,103
13,188,1.0,0,102
13,189,1.0,0,101
13,190,1.0,0,100
13,191,1.0,0,99
13,192,1.0,0,98
13,193,1.0,0,97
13,194,1.0,0,96
13,195,1.0,0,95
14,1,1.0,0,130
14,2,1.0,0,130
14,3,1.0,0,130
14,4,1.0,0,130
14,5,1.0,0,130
14,6,1.0,0,130
14,7,1.0,0,130
14,8,1.0,0,130
14,9,1.0,0,130
14,10,1.0,0,130
14,11,1.0,0,130
14,12,1.0,0,130
14,13,1.0,0,130
14,14,1.0,0,130
14,15,1.0,0,130
14,16,1.0,0,130
14,17,1.0,0,130
14,18,1.0,0,130
14,19,1.0,0,130
14,20,1.0,0,130
14,21,1.0,0,130
14,22,1.0,0,130
14,23,1.0,0,130
14,24,1.0,0,129
14,25,1.0,0,128
14,26,1.0,0,127
14,27,1.0,0,126
14,28,1.0,0,125
14,29,1.0,0,124
14,30,1.0,0,123
14,31,1.0,0,122
14,32,1.0,0,121
14,33,1.0,0,120
14,34,1.0,0,119
14,35,1.0,0,118
14,36,1.0,0,117
14,37,1.0,0,116
14,38,1.0,0,115
14,39,1.0,0,114
14,40,1.0,0,113
14,41,1.0,0,112
14,42,1.0,0,111
14,43,1.0,0,110
14,44,1.0,0,109
14,45,1.0,0,108
14,46,1.0,0,107
15,1,1.0,0,130
15,2,1.0,0,130
15,3,1.0,0,130
15,4,1.0,0,130
15,5,1.0,0,130
15,6,1.0,0,130
15,7,1.0,0,130
15,8,1.0,0,130
15,9,1.0,0,130
15,10,1.0,0,130
15,11,1.0,0,130
15,12,1.0,0,130
15,13,1.0,0,130
15,14,1.0,0,130
15,15,1.0,0,130
15,16,1.0,0,130
15,17,1.0,0,130
15,18,1.0,0,130
15,19,1.0,0,130
15,20,1.0,0,130
15,21,1.0,0,130
15,22,1.0,0,130
15,23,1.0,0,130
15,24,1.0,0,130
15,25,1.0,0,130
15,26,1.0,0,130
15,27,1.0,0,130
15,28,1.0,0,130
15,29,1.0,0,130
15,30,1.0,0,129
15,31,1.0,0,128
15,32,1.0,0,127
15,33,1.0,0,126
15,34,1.0,0,125
15,35,1.0,0,124
15,36,1.0,0,123
15,37,1.0,0,122
15,38,1.0,0,121
15,39,1.0,0,120
15,40,1.0,0,119
15,41,1.0,0,118
15,42,1.0,0,117
15,43,1.0,0,116
15,44,1.0,0,115
15,45,1.0,0,114
15,46,1.0,0,113
15,47,1.0,0,112
15,48,1.0,0,111
15,49,1.0,0,110
15,50,1.0,0,109
15,51,1.0,0,108
15,52,1.0,0,107
15,53,1.0,0,106
15,54,1.0,0,105
15,55,1.0,0,104
15,56,1.0,0,103
15,57,1.0,0,102
15,58,1.0,0,101
15,59,1.0,0,100
15,60,1.0,0,99
15,61,1.0,0,98
15,62,1.0,0,97
15,63,1.0,0,96
15,64,1.0,0,95
15,65,1.0,0,94
15,66,1.0,0,93
15,67,1.0,0,92
15,68,1.0,0,91
15,69,1.0,0,90
15,70,1.0,0,89
15,71,1.0,0,88
15,72,1.0,0,87
15,73,1.0,0,86
15,74,1.0,0,85
15,75,1.0,0,84
15,76,1.0,0,83
16,1,1.0,0,130
16,2,1.0,0,130
16,3,1.0,0,130
16,4,1.0,0,130
16,5,1.0,0,130
16,6,1.0,0,130
16,7,1.0,0,130
16,8,1.0,0,130
16,9,1.0,0,130
16,10,1.0,0,130
16,11,1.0,0,130
16,12,1.0,0,130
16,13,1.0,0,130
16,14,1.0,0,130
16,15,1.0,0,130
16,16,1.0,0,130
16,17,1.0,0,130
16,18,1.0,0,130
16,19,1.0,0,130
16,20,1.0,0,130
16,21,1.0,0,130
16,22,1.0,0,130
16,23,1.0,0,130
16,24,1.0,0,130
16,25,1.0,0,130
16,26,1.0,0,130
16,27,1.0,0,130
16,28,1.0,0,130
16,29,1.0,0,130
16,30,1.0,0,130
16,31,1.0,0,130
16,32,1.0,0,130
16,33,1.0,0,130
16,34,1.0,0,130
16,35,1.0,0,130
16,36,1.0,0,130
16,37,1.0,0,130
16,38,1.0,0,130
16,39,1.0,0,130
16,40,1.0,0,130
16,41,1.0,0,130
16,42,1.0,0,130
16,43,1.0,0,130
16,44,1.0,0,130
16,45,1.0,0,130
16,46,1.0,0,130
16,47,1.0,0,130
16,48,1.0,0,130
16,49,1.0,0,130
16,50,1.0,0,130
16,51,1.0,0,130
16,52,1.0,0,130
16,53,1.0,0,130
16,54,1.0,0,130
16,55,1.0,0,130
16,56,1.0,0,130
16,57,1.0,0,130
16,58,1.0,0,130
16,59,1.0,0,130
16,60,1.0,0,130
16,61,1.0,0,130
16,62,1.0,0,130
16,63,1.0,0,130
16,64,1.0,0,130
16,65,1.0,0,130
16,66,1.0,0,130
16,67,1.0,0,130
16,68,1.0,0,129
16,69,1.0,0,128
16,70,1.0,0,127
16,71,1.0,0,126
16,72,1.0,0,125
16,73,1.0,0,124
16,74,1.0,0,123
16,75,1.0,0,122
16,76,1.0,0,121
16,77,1.0,0,120
16,78,1.0,0,119
16,79,1.0,0,118
16,80,1.0,0,117
16,81,1.0,0,116
16,82,1.0,0,115
16,83,1.0,0,114
16,84,1.0,0,113
16,85,1.0,0,112
16,86,1.0,0,111
16,87,1.0,0,110
16,88,1.0,0,109
16,89,1.0,0,108
16,90,1.0,0,107
16,91,1.0,0,106
16,92,1.0,0,105
16,93,1.0,0,104
16,94,1.0,0,103
16,95,1.0,0,102
16,96,1.0,0,101
16,97,1.0,0,100
16,98,1.0,0,99
16,99,1.0,0,98
16,100,1.0,0,97
16,101,1.0,0,96
16,102,1.0,0,95
16,103,1.0,0,94
16,104,1.0,0,93
16,105,1.0,0,92
16,106,1.0,0,91
16,107,1.0,0,90
16,108,1.0,0,89
16,109,1.0,0,88
16,110,1.0,0,87
16,111,1.0,0,86
16,112,1.0,0,85
16,113,1.0,0,84
17,1,1.0,0,130
17,2,1.0,0,130
17,3,1.0,0,130
17,4,1.0,0,130
17,5,1.0,0,130
17,6,1.0,0,130
17,7,1.0,0,130
17,8,1.0,0,130
17,9,1.0,0,130
17,10,1.0,0,130
17,11,1.0,0,130
17,12,1.0,0,130
17,13,1.0,0,130
17,14,1.0,0,130
17,15,1.0,0,130
17,16,1.0,0,130
17,17,1.0,0,130
17,18,1.0,0,130
17,19,1.0,0,130
17,20,1.0,0,130
17,21,1.0,0,130
17,22,1.0,0,130
17,23,1.0,0,130
17,24,1.0,0,130
17,25,1.0,0,130
17,26,1.0,0,130
17,27,1.0,0,130
17,28,1.0,0,130
17,29,1.0,0,130
17,30,1.0,0,130
17,31,1.0,0,130
17,32,1.0,0,130
17,33,1.0,0,130
17,34,1.0,0,130
17,35,1.0,0,130
17,36,1.0,0,130
17,37,1.0,0,130
17,38,1.0,0,130
17,39,1.0,0,130
17,40,1.0,0,130
17,41,1.0,0,130
17,42,1.0,0,130
17,43,1.0,0,130
17,44,1.0,0,130
17,45,1.0,0,130
17,46,1.0,0,130
17,47,1.0,0,130
17,48,1.0,0,130
17,49,1.0,0,130
17,50,1.0,0,130
17,51,1.0,0,130
17,52,1.0,0,130
17,53,1.0,0,130
17,54,1.0,0,130
17,55,1.0,0,130
17,56,1.0,0,130
17,57,1.0,0,130
17,58,1.0,0,130
17,59,1.0,0,130
17,60,1.0,0,130
17,61,1.0,0,130
17,62,1.0,0,130
17,63,1.0,0,130
17,64,1.0,0,130
17,65,1.0,0,130
17,66,1.0,0,130
17,67,1.0,0,130
17,68,1.0,0,130
17,69,1.0,0,130
17,70,1.0,0,130
17,71,1.0,0,130
17,72,1.0,0,130
17,73,1.0,0,130
17,74,1.0,0,130
17,75,1.0,0,130
17,76,1.0,0,130
17,77,1.0,0,130
17,78,1.0,0,130
17,79,1.0,0,130
17,80,1.0,0,130
17,81,1.0,0,130
17,82,1.0,0,130
17,83,1.0,0,130
17,84,1.0,0,130
17,85,1.0,0,130
17,86,1.0,0,129
17,87,1.0,0,128
17,88,1.0,0,127
17,89,1.0,0,126
17,90,1.0,0,125
17,91,1.0,0,124
17,92,1.0,0,123
17,93,1.0,0,122
17,94,1.0,0,121
17,95,1.0,0,120
17,96,1.0,0,119
17,97,1.0,0,118
17,98,1.0,0,117
17,99,1.0,0,116
17,100,1.0,0,115
17,101,1.0,0,114
17,102,1.0,0,113
17,103,1.0,0,112
17,104,1.0,0,111
17,105,1.0,0,110
17,106,1.0,0,109
17,107,1.0,0,108
17,108,1.0,0,107
17,109,1.0,0,106
17,110,1.0,0,105
17,111,1.0,1,104
17,112,1.0,1,103
17,113,1.0,1,102
17,114,1.0,1,101
17,115,1.0,1,100
17,116,1.0,1,99
17,117,1.0,1,98
17,118,1.0,1,97
17,119,1.0,0,96
17,120,1.0,0,95
17,121,1.0,0,94
17,122,1.0,0,93
17,123,1.0,0,92
17,124,1.0,0,91
17,125,1.0,1,90
17,126,1.0,1,89
17,127,1.0,1,88
17,128,1.0,1,87
17,129,1.0,1,86
17,130,1.0,0,85
17,131,1.0,0,84
17,132,1.0,1,83
17,133,1.0,1,82
17,134,1.0,1,81
17,135,1.0,1,80
17,136,1.0,1,79
17,137,1.0,1,78
17,138,1.0,1,77
17,139,1.0,1,76
17,140,1.0,1,75
17,141,1.0,1,74
17,142,1.0,1,73
17,143,1.0,1,72
17,144,1.0,1,71
17,145,1.0,1,70
17,146,1.0,1,69
17,147,1.0,1,68
17,148,1.0,1,67
17,149,1.0,1,66
17,150,1.0,1,65
17,151,1.0,1,64
17,152,1.0,1,63
17,153,1.0,1,62
17,154,1.0,1,61
17,155,1.0,1,60
17,156,1.0,1,59
17,157,1.0,1,58
17,158,1.0,1,57
17,159,1.0,1,56
17,160,1.0,1,55
17,161,1.0,1,54
17,162,1.0,1,53
17,163,1.0,1,52
17,164,1.0,1,51
17,165,1.0,1,50
18,1,1.0,0,130
18,2,1.0,0,130
18,3,1.0,0,130
18,4,1.0,0,130
18,5,1.0,0,130
18,6,1.0,0,130
18,7,1.0,0,130
18,8,1.0,0,130
18,9,1.0,0,130
18,10,1.0,0,130
18,11,1.0,0,130
18,12,1.0,0,130
18,13,1.0,0,130
18,14,1.0,0,130
18,15,1.0,0,130
18,16,1.0,0,130
18,17,1.0,0,130
18,18,1.0,0,130
18,19,1.0,0,130
18,20,1.0,0,130
18,21,1.0,0,130
18,22,1.0,0,130
18,23,1.0,0,130
18,24,1.0,0,130
18,25,1.0,0,130
18,26,1.0,0,130
18,27,1.0,0,130
18,28,1.0,0,130
18,29,1.0,0,130
18,30,1.0,0,130
18,31,1.0,0,130
18,32,1.0,0,129
18,33,1.0,0,128
18,34,1.0,0,127
18,35,1.0,0,126
18,36,1.0,0,125
18,37,1.0,0,124
18,38,1.0,0,123
18,39,1.0,0,122
18,40,1.0,0,121
18,41,1.0,0,120
18,42,1.0,0,119
18,43,1.0,0,118
18,44,1.0,0,117
18,45,1.0,0,116
18,46,1.0,0,115
18,47,1.0,0,114
18,48,1.0,0,113
18,49,1.0,0,112
18,50,1.0,0,111
18,51,1.0,0,110
18,52,1.0,0,109
18,53,1.0,0,108
18,54,1.0,0,107
18,55,1.0,0,106
18,56,1.0,0,105
18,57,1.0,0,104
18,58,1.0,0,103
18,59,1.0,0,102
18,60,1.0,0,101
18,61,1.0,0,100
18,62,1.0,0,99
18,63,1.0,0,98
18,64,1.0,0,97
18,65,1.0,0,96
18,66,1.0,0,95
18,67,1.0,0,94
18,68,1.0,0,93
18,69,1.0,0,92
18,70,1.0,0,91
18,71,1.0,0,90
18,72,1.0,0,89
18,73,1.0,0,88
18,74,1.0,0,87
18,75,1.0,0,86
18,76,1.0,0,85
18,77,1.0,0,84
18,78,1.0,0,83
18,79,1.0,0,82
18,80,1.0,0,81
18,81,1.0,0,80
18,82,1.0,0,79
18,83,1.0,0,78
18,84,1.0,0,77
18,85,1.0,0,76
18,86,1.0,0,75
18,87,1.0,0,74
18,88,1.0,0,73
18,89,1.0,0,72
18,90,1.0,0,71
18,91,1.0,0,70
18,92,1.0,0,69
18,93,1.0,0,68
18,94,1.0,1,67
18,95,1.0,1,66
18,96,1.0,1,65
18,97,1.0,0,64
18,98,1.0,1,63
18,99,1.0,1,62
18,100,1.0,0,61
18,101,1.0,0,60
18,102,1.0,0,59
18,103,1.0,0,58
18,104,1.0,0,57
18,105,1.0,0,56
18,106,1.0,0,55
18,107,1.0,0,54
18,108,1.0,0,53
18,109,1.0,0,52
18,110,1.0,0,51
18,111,1.0,0,50
18,112,1.0,0,49
18,113,1.0,0,48
18,114,1.0,0,47
18,115,1.0,0,46
18,116,1.0,0,45
18,117,1.0,1,44
18,118,1.0,1,43
18,119,1.0,1,42
18,120,1.0,0,41
18,121,1.0,1,40
18,122,1.0,1,39
18,123,1.0,0,38
18,124,1.0,1,37
18,125,1.0,1,36
18,126,1.0,1,35
18,127,1.0,1,34
18,128,1.0,1,33
18,129,1.0,1,32
18,130,1.0,1,31
18,131,1.0,1,30
18,132,1.0,0,29
18,133,1.0,1,28
19,1,1.0,0,130
19,2,1.0,0,130
19,3,1.0,0,130
19,4,1.0,0,130
19,5,1.0,0,130
19,6,1.0,0,130
19,7,1.0,0,130
19,8,1.0,0,130
19,9,1.0,0,130
19,10,1.0,0,130
19,11,1.0,0,130
19,12,1.0,0,130
19,13,1.0,0,130
19,14,1.0,0,130
19,15,1.0,0,130
19,16,1.0,0,130
19,17,1.0,0,130
19,18,1.0,0,130
19,19,1.0,0,130
19,20,1.0,0,130
19,21,1.0,0,130
19,22,1.0,0,130
19,23,1.0,0,130
19,24,1.0,0,130
19,25,1.0,0,130
19,26,1.0,0,130
19,27,1.0,0,130
19,28,1.0,0,130
19,29,1.0,0,130
19,30,1.0,0,130
19,31,1.0,0,130
19,32,1.0,0,130
19,33,1.0,0,130
19,34,1.0,0,130
19,35,1.0,0,130
19,36,1.0,0,130
19,37,1.0,0,130
19,38,1.0,0,130
19,39,1.0,0,130
19,40,1.0,0,130
19,41,1.0,0,130
19,42,1.0,0,130
19,43,1.0,0,130
19,44,1.0,0,130
19,45,1.0,0,130
19,46,1.0,0,130
19,47,1.0,0,130
19,48,1.0,0,130
19,49,1.0,0,130
19,50,1.0,0,130
19,51,1.0,0,130
19,52,1.0,0,130
19,53,1.0,0,130
19,54,1.0,0,130
19,55,1.0,0,130
19,56,1.0,0,130
19,57,1.0,0,130
19,58,1.0,0,130
19,59,1.0,0,130
19,60,1.0,0,130
19,61,1.0,0,130
19,62,1.0,0,130
19,63,1.0,0,130
19,64,1.0,0,130
19,65,1.0,0,130
19,66,1.0,0,130
19,67,1.0,0,130
19,68,1.0,0,130
19,69,1.0,0,130
19,70,1.0,0,130
19,71,1.0,0,130
19,72,1.0,0,130
19,73,1.0,0,130
19,74,1.0,0,130
19,75,1.0,0,130
19,76,1.0,0,130
19,77,1.0,0,130
19,78,1.0,0,130
19,79,1.0,0,130
19,80,1.0,0,130
19,81,1.0,0,130
19,82,1.0,0,130
19,83,1.0,0,130
19,84,1.0,0,130
19,85,1.0,0,130
19,86,1.0,0,130
19,87,1.0,0,130
19,88,1.0,0,130
19,89,1.0,0,130
19,90,1.0,0,130
19,91,1.0,0,130
19,92,1.0,0,130
19,93,1.0,0,129
19,94,1.0,0,128
19,95,1.0,0,127
19,96,1.0,0,126
19,97,1.0,0,125
19,98,1.0,0,124
19,99,1.0,0,123
19,100,1.0,0,122
19,101,1.0,0,121
19,102,1.0,0,120
19,103,1.0,0,119
19,104,1.0,0,118
19,105,1.0,0,117
19,106,1.0,0,116
19,107,1.0,0,115
19,108,1.0,0,114
19,109,1.0,0,113
19,110,1.0,0,112
19,111,1.0,0,111
19,112,1.0,0,110
19,113,1.0,0,109
19,114,1.0,0,108
19,115,1.0,0,107
19,116,1.0,0,106
19,117,1.0,0,105
19,118,1.0,0,104
19,119,1.0,0,103
19,120,1.0,0,102
19,121,1.0,0,101
19,122,1.0,0,100
19,123,1.0,0,99
19,124,1.0,0,98
19,125,1.0,0,97
19,126,1.0,0,96
19,127,1.0,0,95
19,128,1.0,0,94
19,129,1.0,0,93
19,130,1.0,0,92
19,131,1.0,0,91
19,132,1.0,0,90
19,133,1.0,0,89
19,134,1.0,0,88
19,135,1.0,0,87
20,1,1.0,0,130
20,2,1.0,0,130
20,3,1.0,0,130
20,4,1.0,0,130
20,5,1.0,0,130
20,6,1.0,0,130
20,7,1.0,0,130
20,8,1.0,0,130
20,9,1.0,0,130
20,10,1.0,0,130
20,11,1.0,0,130
20,12,1.0,0,130
20,13,1.0,0,130
20,14,1.0,0,130
20,15,1.0,0,130
20,16,1.0,0,130
20,17,1.0,0,130
20,18,1.0,0,130
20,19,1.0,0,130
20,20,1.0,0,130
20,21,1.0,0,130
20,22,1.0,0,130
20,23,1.0,0,130
20,24,1.0,0,130
20,25,1.0,0,130
20,26,1.0,0,130
20,27,1.0,0,130
20,28,1.0,0,130
20,29,1.0,0,130
20,30,1.0,0,130
20,31,1.0,0,130
20,32,1.0,0,130
20,33,1.0,0,130
20,34,1.0,0,130
20,35,1.0,0,130
20,36,1.0,0,130
20,37,1.0,0,130
20,38,1.0,0,130
20,39,1.0,0,130
20,40,1.0,0,130
20,41,1.0,0,130
20,42,1.0,0,130
20,43,1.0,0,130
20,44,1.0,0,130
20,45,1.0,0,130
20,46,1.0,0,130
20,47,1.0,0,130
20,48,1.0,0,130
20,49,1.0,0,130
20,50,1.0,0,130
20,51,1.0,0,130
20,52,1.0,0,130
20,53,1.0,0,130
20,54,1.0,0,130
20,55,1.0,0,130
20,56,1.0,1,130
20,57,1.0,0,130
20,58,1.0,0,130
20,59,1.0,0,130
20,60,1.0,0,130
20,61,1.0,0,130
20,62,1.0,0,130
20,63,1.0,0,130
20,64,1.0,0,130
20,65,1.0,1,130
20,66,1.0,0,130
20,67,1.0,0,130
20,68,1.0,0,130
20,69,1.0,0,130
20,70,1.0,0,130
20,71,1.0,0,129
20,72,1.0,0,128
20,73,1.0,0,127
20,74,1.0,0,126
20,75,1.0,0,125
20,76,1.0,0,124
20,77,1.0,0,123
20,78,1.0,0,122
20,79,1.0,0,121
20,80,1.0,0,120
20,81,1.0,0,119
20,82,1.0,0,118
20,83,1.0,0,117
20,84,1.0,0,116
20,85,1.0,0,115
20,86,1.0,0,114
20,87,1.0,0,113
20,88,1.0,0,112
20,89,1.0,0,111
20,90,1.0,0,110
20,91,1.0,0,109
20,92,1.0,0,108
20,93,1.0,0,107
20,94,1.0,0,106
20,95,1.0,0,105
20,96,1.0,0,104
20,97,1.0,0,103
20,98,1.0,0,102
20,99,1.0,0,101
20,100,1.0,0,100
20,101,1.0,0,99
20,102,1.0,0,98
20,103,1.0,0,97
20,104,1.0,0,96
20,105,1.0,0,95
20,106,1.0,0,94
20,107,1.0,0,93
20,108,1.0,0,92
20,109,1.0,0,91
20,110,1.0,0,90
20,111,1.0,0,89
20,112,1.0,0,88
20,113,1.0,0,87
20,114,1.0,0,86
20,115,1.0,0,85
20,116,1.0,0,84
20,117,1.0,0,83
20,118,1.0,0,82
20,119,1.0,0,81
20,120,1.0,0,80
20,121,1.0,0,79
20,122,1.0,1,78
20,123,1.0,1,77
20,124,1.0,1,76
20,125,1.0,0,75
20,126,1.0,1,74
20,127,1.0,1,73
20,128,1.0,1,72
20,129,1.0,1,71
20,130,1.0,1,70
20,131,1.0,1,69
20,132,1.0,1,68
20,133,1.0,1,67
20,134,1.0,1,66
20,135,1.0,1,65
20,136,1.0,1,64
20,137,1.0,1,63
20,138,1.0,1,62
20,139,1.0,1,61
20,140,1.0,1,60
20,141,1.0,1,59
20,142,1.0,1,58
20,143,1.0,1,57
20,144,1.0,1,56
20,145,1.0,1,55
20,146,1.0,1,54
20,147,1.0,1,53
20,148,1.0,1,52
20,149,1.0,1,51
20,150,1.0,1,50
20,151,1.0,1,49
20,152,1.0,1,48
20,153,1.0,1,47
20,154,1.0,1,46
20,155,1.0,1,45
20,156,1.0,1,44
20,157,1.0,1,43
20,158,1.0,1,42
20,159,1.0,1,41
20,160,1.0,1,40
20,161,1.0,1,39
20,162,1.0,1,38
20,163,1.0,1,37
20,164,1.0,1,36
20,165,1.0,1,35
20,166,1.0,1,34
20,167,1.0,1,33
20,168,1.0,1,32
20,169,1.0,2,31
20,170,1.0,2,30
20,171,1.0,2,29
20,172,1.0,2,28
20,173,1.0,1,27
20,174,1.0,2,26
20,175,1.0,1,25
20,176,1.0,1,24
20,177,1.0,2,23
20,178,1.0,2,22
20,179,1.0,2,21
20,180,1.0,2,20
20,181,1.0,2,19
20,182,1.0,2,18
20,183,1.0,2,17
20,184,,3,16
21,1,1.0,0,130
21,2,1.0,0,130
21,3,1.0,0,130
21,4,1.0,0,130
21,5,1.0,0,130
21,6,1.0,0,130
21,7,1.0,0,130
21,8,1.0,0,130
21,9,1.0,0,130
21,10,1.0,0,130
21,11,1.0,0,130
21,12,1.0,0,130
21,13,1.0,0,130
21,14,1.0,0,130
21,15,1.0,0,130
21,16,1.0,0,130
21,17,1.0,0,130
21,18,1.0,0,130
21,19,1.0,0,130
21,20,1.0,0,130
21,21,1.0,0,130
21,22,1.0,0,130
21,23,1.0,0,130
21,24,1.0,0,130
21,25,1.0,0,130
21,26,1.0,0,130
21,27,1.0,0,130
21,28,1.0,0,130
21,29,1.0,0,130
21,30,1.0,0,130
21,31,1.0,0,130
21,32,1.0,0,130
21,33,1.0,0,130
21,34,1.0,0,130
21,35,1.0,0,130
21,36,1.0,0,130
21,37,1.0,0,130
21,38,1.0,0,130
21,39,1.0,0,130
21,40,1.0,0,130
21,41,1.0,0,130
21,42,1.0,0,130
21,43,1.0,0,130
21,44,1.0,0,130
21,45,1.0,0,130
21,46,1.0,0,130
21,47,1.0,0,130
21,48,1.0,0,130
21,49,1.0,0,130
21,50,1.0,0,130
21,51,1.0,0,130
21,52,1.0,0,130
21,53,1.0,0,130
21,54,1.0,0,130
21,55,1.0,0,130
21,56,1.0,0,130
21,57,1.0,0,130
21,58,1.0,0,130
21,59,1.0,0,130
21,60,1.0,0,130
21,61,1.0,0,130
21,62,1.0,0,130
21,63,1.0,0,130
21,64,1.0,0,130
21,65,1.0,0,130
21,66,1.0,0,130
21,67,1.0,0,130
21,68,1.0,0,130
21,69,1.0,0,130
21,70,1.0,0,130
21,71,1.0,0,130
21,72,1.0,0,130
21,73,1.0,0,130
21,74,1.0,0,130
21,75,1.0,0,130
21,76,1.0,0,129
21,77,1.0,0,128
21,78,1.0,0,127
21,79,1.0,0,126
21,80,1.0,0,125
21,81,1.0,0,124
21,82,1.0,0,123
21,83,1.0,0,122
21,84,1.0,0,121
21,85,1.0,0,120
21,86,1.0,0,119
21,87,1.0,0,118
21,88,1.0,0,117
21,89,1.0,0,116
21,90,1.0,0,115
21,91,1.0,0,114
21,92,1.0,0,113
21,93,1.0,0,112
21,94,1.0,0,111
21,95,1.0,0,110
21,96,1.0,0,109
21,97,1.0,0,108
21,98,1.0,0,107
21,99,1.0,0,106
21,100,1.0,0,105
21,101,1.0,0,104
21,102,1.0,0,103
21,103,1.0,0,102
21,104,1.0,0,101
21,105,1.0,0,100
21,106,1.0,0,99
21,107,1.0,0,98
21,108,1.0,0,97
21,109,1.0,0,96
21,110,1.0,0,95
21,111,1.0,0,94
21,112,1.0,0,93
21,113,1.0,0,92
21,114,1.0,0,91
21,115,1.0,0,90
21,116,1.0,0,89
21,117,1.0,0,88
21,118,1.0,0,87
21,119,1.0,0,86
21,120,1.0,0,85
21,121,1.0,0,84
21,122,1.0,0,83
21,123,1.0,0,82
21,124,1.0,0,81
21,125,1.0,0,80
21,126,1.0,0,79
21,127,1.0,0,78
21,128,1.0,0,77
21,129,1.0,0,76
21,130,1.0,0,75
21,131,1.0,0,74
21,132,1.0,0,73
21,133,1.0,0,72
21,134,1.0,0,71
21,135,1.0,0,70
21,136,1.0,0,69
21,137,1.0,0,68
21,138,1.0,0,67
21,139,1.0,0,66
21,140,1.0,0,65
21,141,1.0,0,64
21,142,1.0,0,63
21,143,1.0,0,62
21,144,1.0,1,61
21,145,1.0,1,60
21,146,1.0,1,59
21,147,1.0,1,58
21,148,1.0,1,57
22,1,1.0,0,130
22,2,1.0,0,130
22,3,1.0,0,130
22,4,1.0,0,130
22,5,1.0,0,130
22,6,1.0,0,130
22,7,1.0,0,130
22,8,1.0,0,130
22,9,1.0,0,130
22,10,1.0,0,130
22,11,1.0,0,130
22,12,1.0,0,130
22,13,1.0,0,130
22,14,1.0,0,130
22,15,1.0,0,130
22,16,1.0,0,130
22,17,1.0,0,130
22,18,1.0,0,130
22,19,1.0,0,130
22,20,1.0,0,130
22,21,1.0,0,129
22,22,1.0,0,128
22,23,1.0,0,127
22,24,1.0,0,126
22,25,1.0,0,125
22,26,1.0,0,124
22,27,1.0,0,123
22,28,1.0,0,122
22,29,1.0,0,121
22,30,1.0,0,120
22,31,1.0,0,119
22,32,1.0,0,118
22,33,1.0,0,117
22,34,1.0,0,116
22,35,1.0,0,115
22,36,1.0,0,114
22,37,1.0,0,113
22,38,1.0,0,112
22,39,1.0,0,111
23,1,1.0,0,130
23,2,1.0,0,130
23,3,1.0,0,130
23,4,1.0,0,130
23,5,1.0,0,130
23,6,1.0,0,130
23,7,1.0,0,130
23,8,1.0,0,130
23,9,1.0,0,130
23,10,1.0,0,130
23,11,1.0,0,130
23,12,1.0,0,130
23,13,1.0,0,130
23,14,1.0,0,130
23,15,1.0,0,130
23,16,1.0,0,130
23,17,1.0,0,130
23,18,1.0,0,130
23,19,1.0,0,130
23,20,1.0,0,130
23,21,1.0,0,130
23,22,1.0,0,130
23,23,1.0,0,130
23,24,1.0,0,130
23,25,1.0,0,130
23,26,1.0,0,130
23,27,1.0,0,130
23,28,1.0,0,130
23,29,1.0,0,130
23,30,1.0,0,130
23,31,1.0,0,130
23,32,1.0,0,130
23,33,1.0,0,130
23,34,1.0,0,130
23,35,1.0,0,130
23,36,1.0,0,130
23,37,1.0,0,130
23,38,1.0,0,130
23,39,1.0,0,130
23,40,1.0,0,130
23,41,1.0,0,130
23,42,1.0,0,130
23,43,1.0,0,130
23,44,1.0,0,130
23,45,1.0,0,130
23,46,1.0,0,130
23,47,1.0,0,130
23,48,1.0,0,130
23,49,1.0,0,130
23,50,1.0,0,130
23,51,1.0,0,130
23,52,1.0,0,130
23,53,1.0,0,130
23,54,1.0,0,130
23,55,1.0,0,130
23,56,1.0,0,130
23,57,1.0,0,130
23,58,1.0,0,130
23,59,1.0,0,130
23,60,1.0,0,130
23,61,1.0,0,130
23,62,1.0,0,130
23,63,1.0,0,130
23,64,1.0,0,130
23,65,1.0,0,130
23,66,1.0,0,130
23,67,1.0,0,130
23,68,1.0,0,130
23,69,1.0,0,130
23,70,1.0,0,130
23,71,1.0,0,130
23,72,1.0,0,130
23,73,1.0,0,130
23,74,1.0,0,130
23,75,1.0,0,130
23,76,1.0,0,130
23,77,1.0,0,130
23,78,1.0,0,130
23,79,1.0,0,130
23,80,1.0,0,130
23,81,1.0,0,130
23,82,1.0,0,130
23,83,1.0,0,130
23,84,1.0,0,130
23,85,1.0,0,130
23,86,1.0,0,130
23,87,1.0,0,130
23,88,1.0,0,130
23,89,1.0,0,130
23,90,1.0,0,130
23,91,1.0,0,130
23,92,1.0,0,130
23,93,1.0,0,130
23,94,1.0,0,130
23,95,1.0,0,130
23,96,1.0,0,130
23,97,1.0,0,130
23,98,1.0,0,130
23,99,1.0,0,130
23,100,1.0,0,130
23,101,1.0,0,130
23,102,1.0,0,130
23,103,1.0,0,130
23,104,1.0,0,130
23,105,1.0,0,130
23,106,1.0,0,130
23,107,1.0,0,130
23,108,1.0,0,130
23,109,1.0,0,130
23,110,1.0,0,130
23,111,1.0,0,130
23,112,1.0,0,130
23,113,1.0,0,130
23,114,1.0,0,129
23,115,1.0,0,128
23,116,1.0,0,127
23,117,1.0,0,126
23,118,1.0,0,125
23,119,1.0,0,124
23,120,1.0,0,123
23,121,1.0,0,122
23,122,1.0,0,121
23,123,1.0,0,120
23,124,1.0,0,119
23,125,1.0,0,118
23,126,1.0,0,117
23,127,1.0,0,116
23,128,1.0,0,115
23,129,1.0,0,114
23,130,1.0,0,113
24,1,1.0,0,130
24,2,1.0,0,130
24,3,1.0,0,130
24,4,1.0,0,130
24,5,1.0,0,130
24,6,1.0,0,130
24,7,1.0,0,130
24,8,1.0,0,130
24,9,1.0,0,130
24,10,1.0,0,130
24,11,1.0,0,130
24,12,1.0,0,130
24,13,1.0,0,130
24,14,1.0,0,130
24,15,1.0,0,130
24,16,1.0,0,130
24,17,1.0,0,130
24,18,1.0,0,130
24,19,1.0,0,130
24,20,1.0,0,130
24,21,1.0,0,130
24,22,1.0,0,130
24,23,1.0,0,130
24,24,1.0,0,130
24,25,1.0,0,130
24,26,1.0,0,130
24,27,1.0,0,130
24,28,1.0,0,130
24,29,1.0,0,130
24,30,1.0,0,130
24,31,1.0,0,130
24,32,1.0,0,130
24,33,1.0,0,130
24,34,1.0,0,130
24,35,1.0,0,130
24,36,1.0,0,130
24,37,1.0,0,130
24,38,1.0,0,130
24,39,1.0,0,130
24,40,1.0,0,130
24,41,1.0,0,130
24,42,1.0,0,130
24,43,1.0,0,130
24,44,1.0,0,130
24,45,1.0,0,130
24,46,1.0,0,130
24,47,1.0,0,130
24,48,1.0,0,130
24,49,1.0,0,130
24,50,1.0,0,130
24,51,1.0,0,130
24,52,1.0,0,130
24,53,1.0,0,130
24,54,1.0,0,130
24,55,1.0,0,130
24,56,1.0,0,130
24,57,1.0,0,130
24,58,1.0,0,130
24,59,1.0,0,130
24,60,1.0,0,130
24,61,1.0,0,130
24,62,1.0,0,130
24,63,1.0,0,130
24,64,1.0,0,130
24,65,1.0,0,130
24,66,1.0,0,130
24,67,1.0,0,130
24,68,1.0,0,130
24,69,1.0,0,130
24,70,1.0,0,130
24,71,1.0,0,130
24,72,1.0,0,130
24,73,1.0,0,130
24,74,1.0,0,130
24,75,1.0,0,130
24,76,1.0,0,130
24,77,1.0,0,129
24,78,1.0,0,128
24,79,1.0,0,127
24,80,1.0,0,126
24,81,1.0,0,125
24,82,1.0,0,124
24,83,1.0,0,123
24,84,1.0,0,122
24,85,1.0,0,121
24,86,1.0,0,120
24,87,1.0,0,119
24,88,1.0,0,118
24,89,1.0,0,117
24,90,1.0,0,116
24,91,1.0,0,115
24,92,1.0,0,114
24,93,1.0,0,113
24,94,1.0,0,112
24,95,1.0,0,111
24,96,1.0,0,110
24,97,1.0,0,109
24,98,1.0,0,108
24,99,1.0,0,107
24,100,1.0,0,106
24,101,1.0,0,105
24,102,1.0,0,104
24,103,1.0,0,103
24,104,1.0,0,102
24,105,1.0,0,101
24,106,1.0,0,100
24,107,1.0,0,99
24,108,1.0,0,98
24,109,1.0,0,97
24,110,1.0,0,96
24,111,1.0,0,95
24,112,1.0,0,94
24,113,1.0,0,93
24,114,1.0,0,92
24,115,1.0,0,91
24,116,1.0,0,90
24,117,1.0,0,89
24,118,1.0,0,88
24,119,1.0,0,87
24,120,1.0,0,86
24,121,1.0,0,85
24,122,1.0,0,84
24,123,1.0,0,83
24,124,1.0,0,82
24,125,1.0,0,81
24,126,1.0,0,80
24,127,1.0,0,79
24,128,1.0,0,78
24,129,1.0,0,77
24,130,1.0,1,76
24,131,1.0,1,75
24,132,1.0,1,74
24,133,1.0,1,73
24,134,1.0,1,72
24,135,1.0,1,71
24,136,1.0,1,70
24,137,1.0,1,69
24,138,1.0,1,68
24,139,1.0,1,67
24,140,1.0,1,66
24,141,1.0,1,65
24,142,1.0,1,64
24,143,1.0,1,63
24,144,1.0,1,62
24,145,1.0,1,61
24,146,1.0,1,60
24,147,1.0,1,59
24,148,1.0,1,58
24,149,1.0,1,57
24,150,1.0,1,56
24,151,1.0,1,55
24,152,1.0,1,54
24,153,1.0,1,53
24,154,1.0,1,52
24,155,1.0,1,51
24,156,1.0,1,50
24,157,1.0,1,49
24,158,1.0,1,48
24,159,1.0,1,47
24,160,1.0,1,46
24,161,1.0,1,45
24,162,1.0,1,44
24,163,1.0,1,43
24,164,1.0,1,42
24,165,1.0,1,41
24,166,1.0,1,40
24,167,1.0,1,39
24,168,1.0,1,38
24,169,1.0,1,37
24,170,1.0,1,36
24,171,1.0,1,35
24,172,1.0,1,34
24,173,1.0,1,33
24,174,1.0,1,32
24,175,1.0,2,31
24,176,1.0,1,30
24,177,1.0,2,29
24,178,1.0,2,28
24,179,1.0,2,27
24,180,1.0,2,26
24,181,1.0,2,25
24,182,1.0,2,24
24,183,1.0,2,23
24,184,1.0,2,22
24,185,1.0,2,21
24,186,1.0,2,20
25,1,1.0,0,130
25,2,1.0,0,130
25,3,1.0,0,130
25,4,1.0,0,130
25,5,1.0,0,130
25,6,1.0,0,130
25,7,1.0,0,130
25,8,1.0,0,130
25,9,1.0,0,130
25,10,1.0,0,130
25,11,1.0,0,130
25,12,1.0,0,130
25,13,1.0,0,130
25,14,1.0,0,130
25,15,1.0,0,130
25,16,1.0,0,130
25,17,1.0,0,130
25,18,1.0,0,130
25,19,1.0,0,130
25,20,1.0,0,130
25,21,1.0,0,130
25,22,1.0,0,130
25,23,1.0,0,130
25,24,1.0,0,130
25,25,1.0,0,130
25,26,1.0,0,130
25,27,1.0,0,130
25,28,1.0,0,130
25,29,1.0,0,130
25,30,1.0,0,130
25,31,1.0,0,130
25,32,1.0,0,130
25,33,1.0,0,130
25,34,1.0,0,130
25,35,1.0,0,130
25,36,1.0,0,130
25,37,1.0,0,130
25,38,1.0,0,130
25,39,1.0,0,130
25,40,1.0,0,130
25,41,1.0,0,130
25,42,1.0,0,130
25,43,1.0,0,130
25,44,1.0,0,130
25,45,1.0,0,130
25,46,1.0,0,130
25,47,1.0,0,130
25,48,1.0,0,130
26,1,1.0,0,130
26,2,1.0,0,130
26,3,1.0,0,130
26,4,1.0,0,130
26,5,1.0,0,130
26,6,1.0,0,130
26,7,1.0,0,130
26,8,1.0,0,130
26,9,1.0,0,130
26,10,1.0,0,130
26,11,1.0,0,130
26,12,1.0,0,130
26,13,1.0,0,130
26,14,1.0,0,130
26,15,1.0,0,130
26,16,1.0,0,130
26,17,1.0,0,130
26,18,1.0,0,130
26,19,1.0,0,130
26,20,1.0,0,130
26,21,1.0,0,130
26,22,1.0,0,130
26,23,1.0,0,130
26,24,1.0,0,130
26,25,1.0,0,130
26,26,1.0,0,130
26,27,1.0,0,130
26,28,1.0,0,130
26,29,1.0,0,130
26,30,1.0,0,130
26,31,1.0,0,130
26,32,1.0,0,130
26,33,1.0,0,130
26,34,1.0,0,130
26,35,1.0,0,130
26,36,1.0,0,130
26,37,1.0,0,130
26,38,1.0,0,130
26,39,1.0,0,130
26,40,1.0,0,130
26,41,1.0,0,130
26,42,1.0,0,130
26,43,1.0,0,130
26,44,1.0,0,130
26,45,1.0,0,130
26,46,1.0,0,130
26,47,1.0,0,130
26,48,1.0,0,130
26,49,1.0,0,130
26,50,1.0,0,130
26,51,1.0,0,130
26,52,1.0,0,130
26,53,1.0,0,130
26,54,1.0,0,130
26,55,1.0,0,130
26,56,1.0,0,130
26,57,1.0,0,130
26,58,1.0,0,130
26,59,1.0,0,130
26,60,1.0,0,130
26,61,1.0,0,130
26,62,1.0,0,130
26,63,1.0,0,130
26,64,1.0,0,130
26,65,1.0,0,130
26,66,1.0,0,129
26,67,1.0,0,128
26,68,1.0,0,127
26,69,1.0,0,126
26,70,1.0,0,125
26,71,1.0,0,124
26,72,1.0,0,123
26,73,1.0,0,122
26,74,1.0,0,121
26,75,1.0,0,120
26,76,1.0,0,119
27,1,1.0,0,130
27,2,1.0,0,130
27,3,1.0,0,130
27,4,1.0,0,130
27,5,1.0,0,130
27,6,1.0,0,130
27,7,1.0,0,130
27,8,1.0,0,130
27,9,1.0,0,130
27,10,1.0,0,130
27,11,1.0,0,130
27,12,1.0,0,130
27,13,1.0,0,130
27,14,1.0,0,130
27,15,1.0,0,130
27,16,1.0,0,130
27,17,1.0,0,130
27,18,1.0,0,130
27,19,1.0,0,130
27,20,1.0,0,130
27,21,1.0,0,130
27,22,1.0,0,130
27,23,1.0,0,130
27,24,1.0,0,130
27,25,1.0,0,130
27,26,1.0,0,130
27,27,1.0,0,130
27,28,1.0,0,130
27,29,1.0,0,130
27,30,1.0,0,130
27,31,1.0,0,130
27,32,1.0,0,130
27,33,1.0,0,130
27,34,1.0,0,130
27,35,1.0,0,130
27,36,1.0,0,130
27,37,1.0,0,130
27,38,1.0,0,130
27,39,1.0,0,130
27,40,1.0,0,130
27,41,1.0,0,130
27,42,1.0,0,130
27,43,1.0,0,130
27,44,1.0,0,130
27,45,1.0,0,130
27,46,1.0,0,130
27,47,1.0,0,130
27,48,1.0,0,130
27,49,1.0,0,130
27,50,1.0,0,130
27,51,1.0,0,130
27,52,1.0,0,130
27,53,1.0,0,130
27,54,1.0,0,130
27,55,1.0,0,130
27,56,1.0,0,130
27,57,1.0,0,130
27,58,1.0,0,130
27,59,1.0,0,130
27,60,1.0,0,130
27,61,1.0,0,130
27,62,1.0,0,130
27,63,1.0,0,130
27,64,1.0,0,130
27,65,1.0,0,130
27,66,1.0,0,130
27,67,1.0,0,130
27,68,1.0,0,130
27,69,1.0,0,130
27,70,1.0,0,130
27,71,1.0,0,130
27,72,1.0,0,130
27,73,1.0,0,130
27,74,1.0,0,130
27,75,1.0,0,130
27,76,1.0,0,130
27,77,1.0,0,129
27,78,1.0,0,128
27,79,1.0,0,127
27,80,1.0,0,126
27,81,1.0,0,125
27,82,1.0,0,124
27,83,1.0,0,123
27,84,1.0,0,122
27,85,1.0,0,121
27,86,1.0,0,120
27,87,1.0,0,119
27,88,1.0,0,118
27,89,1.0,0,117
27,90,1.0,0,116
27,91,1.0,0,115
27,92,1.0,0,114
27,93,1.0,0,113
27,94,1.0,0,112
27,95,1.0,0,111
27,96,1.0,0,110
27,97,1.0,0,109
27,98,1.0,0,108
27,99,1.0,0,107
27,100,1.0,0,106
27,101,1.0,0,105
27,102,1.0,0,104
27,103,1.0,0,103
27,104,1.0,0,102
27,105,1.0,0,101
27,106,1.0,0,100
27,107,1.0,0,99
27,108,1.0,0,98
27,109,1.0,0,97
27,110,1.0,0,96
27,111,1.0,0,95
27,112,1.0,0,94
27,113,1.0,0,93
27,114,1.0,0,92
27,115,1.0,0,91
27,116,1.0,0,90
27,117,1.0,0,89
27,118,1.0,0,88
27,119,1.0,0,87
27,120,1.0,0,86
27,121,1.0,0,85
27,122,1.0,0,84
27,123,1.0,0,83
27,124,1.0,0,82
27,125,1.0,0,81
27,126,1.0,0,80
27,127,1.0,0,79
27,128,1.0,0,78
27,129,1.0,0,77
27,130,1.0,0,76
27,131,1.0,0,75
27,132,1.0,0,74
27,133,1.0,0,73
27,134,1.0,0,72
27,135,1.0,0,71
27,136,1.0,0,70
27,137,1.0,0,69
27,138,1.0,0,68
27,139,1.0,0,67
27,140,1.0,0,66
28,1,1.0,0,130
28,2,1.0,0,130
28,3,1.0,0,130
28,4,1.0,0,130
28,5,1.0,0,130
28,6,1.0,0,130
28,7,1.0,0,130
28,8,1.0,0,130
28,9,1.0,0,130
28,10,1.0,0,130
28,11,1.0,0,130
28,12,1.0,0,130
28,13,1.0,0,130
28,14,1.0,0,130
28,15,1.0,0,130
28,16,1.0,0,130
28,17,1.0,0,130
28,18,1.0,0,130
28,19,1.0,0,130
28,20,1.0,0,130
28,21,1.0,0,130
28,22,1.0,0,130
28,23,1.0,0,130
28,24,1.0,0,130
28,25,1.0,0,130
28,26,1.0,0,130
28,27,1.0,0,130
28,28,1.0,0,130
28,29,1.0,0,130
28,30,1.0,0,130
28,31,1.0,0,130
28,32,1.0,0,130
28,33,1.0,0,130
28,34,1.0,0,130
28,35,1.0,0,130
28,36,1.0,0,130
28,37,1.0,0,130
28,38,1.0,0,130
28,39,1.0,0,130
28,40,1.0,0,130
28,41,1.0,0,130
28,42,1.0,0,130
28,43,1.0,0,130
28,44,1.0,0,130
28,45,1.0,0,130
28,46,1.0,0,130
28,47,1.0,0,130
28,48,1.0,0,130
28,49,1.0,0,130
28,50,1.0,0,130
28,51,1.0,0,130
28,52,1.0,0,130
28,53,1.0,0,130
28,54,1.0,0,130
28,55,1.0,0,130
28,56,1.0,0,130
28,57,1.0,0,130
28,58,1.0,0,130
28,59,1.0,0,130
28,60,1.0,0,130
28,61,1.0,0,130
28,62,1.0,0,130
28,63,1.0,0,130
28,64,1.0,0,130
28,65,1.0,0,130
28,66,1.0,0,130
28,67,1.0,0,130
28,68,1.0,0,130
28,69,1.0,0,130
28,70,1.0,0,130
28,71,1.0,0,130
28,72,1.0,0,130
28,73,1.0,0,130
28,74,1.0,0,130
28,75,1.0,0,130
28,76,1.0,0,130
28,77,1.0,0,130
28,78,1.0,0,130
28,79,1.0,0,130
28,80,1.0,0,130
28,81,1.0,0,130
28,82,1.0,0,130
28,83,1.0,0,130
28,84,1.0,0,130
28,85,1.0,0,130
28,86,1.0,0,130
28,87,1.0,0,130
28,88,1.0,0,130
28,89,1.0,0,130
28,90,1.0,0,130
28,91,1.0,0,130
28,92,1.0,0,130
28,93,1.0,0,130
28,94,1.0,0,130
28,95,1.0,0,130
28,96,1.0,0,130
28,97,1.0,0,130
28,98,1.0,0,130
28,99,1.0,0,130
28,100,1.0,0,130
28,101,1.0,0,130
28,102,1.0,0,130
28,103,1.0,0,130
28,104,1.0,0,130
28,105,1.0,0,130
28,106,1.0,0,130
28,107,1.0,0,130
28,108,1.0,0,130
28,109,1.0,0,130
28,110,1.0,0,130
28,111,1.0,0,130
28,112,1.0,0,130
28,113,1.0,0,130
28,114,1.0,0,130
28,115,1.0,0,130
28,116,1.0,0,130
28,117,1.0,0,130
28,118,1.0,0,130
28,119,1.0,0,130
28,120,1.0,0,130
28,121,1.0,0,130
28,122,1.0,0,130
28,123,1.0,0,130
28,124,1.0,0,130
28,125,1.0,0,130
28,126,1.0,0,129
28,127,1.0,0,128
28,128,1.0,0,127
28,129,1.0,0,126
28,130,1.0,0,125
28,131,1.0,0,124
28,132,1.0,0,123
28,133,1.0,0,122
28,134,1.0,0,121
28,135,1.0,0,120
28,136,1.0,0,119
28,137,1.0,0,118
28,138,1.0,0,117
28,139,1.0,0,116
28,140,1.0,0,115
28,141,1.0,0,114
28,142,1.0,0,113
28,143,1.0,0,112
28,144,1.0,0,111
28,145,1.0,0,110
28,146,1.0,0,109
28,147,1.0,0,108
28,148,1.0,0,107
28,149,1.0,0,106
28,150,1.0,0,105
28,151,1.0,0,104
28,152,1.0,0,103
28,153,1.0,0,102
28,154,1.0,0,101
28,155,1.0,0,100
28,156,1.0,1,99
28,157,1.0,1,98
28,158,1.0,0,97
29,1,1.0,0,130
29,2,1.0,0,130
29,3,1.0,0,130
29,4,1.0,0,130
29,5,1.0,0,130
29,6,1.0,0,130
29,7,1.0,0,130
29,8,1.0,0,130
29,9,1.0,0,130
29,10,1.0,0,130
29,11,1.0,0,130
29,12,1.0,0,130
29,13,1.0,0,130
29,14,1.0,0,130
29,15,1.0,0,130
29,16,1.0,0,130
29,17,1.0,0,130
29,18,1.0,0,130
29,19,1.0,0,130
29,20,1.0,0,130
29,21,1.0,0,130
29,22,1.0,0,130
29,23,1.0,0,130
29,24,1.0,0,130
29,25,1.0,0,130
29,26,1.0,0,130
29,27,1.0,0,130
29,28,1.0,0,130
29,29,1.0,0,130
29,30,1.0,0,130
29,31,1.0,0,130
29,32,1.0,0,130
29,33,1.0,0,130
29,34,1.0,0,130
29,35,1.0,0,130
29,36,1.0,0,130
29,37,1.0,0,130
29,38,1.0,0,130
29,39,1.0,0,130
29,40,1.0,0,130
29,41,1.0,0,130
29,42,1.0,0,130
29,43,1.0,0,130
29,44,1.0,0,130
29,45,1.0,0,130
29,46,1.0,0,130
29,47,1.0,0,130
29,48,1.0,0,130
29,49,1.0,0,130
29,50,1.0,0,130
29,51,1.0,0,130
29,52,1.0,0,130
29,53,1.0,0,130
29,54,1.0,0,130
29,55,1.0,0,130
29,56,1.0,0,130
29,57,1.0,0,130
29,58,1.0,0,130
29,59,1.0,0,130
29,60,1.0,0,130
29,61,1.0,0,130
29,62,1.0,0,130
29,63,1.0,0,130
29,64,1.0,0,130
29,65,1.0,0,130
29,66,1.0,0,130
29,67,1.0,0,130
29,68,1.0,0,130
29,69,1.0,0,130
29,70,1.0,0,130
29,71,1.0,0,130
29,72,1.0,0,130
29,73,1.0,0,130
29,74,1.0,0,130
29,75,1.0,0,130
29,76,1.0,0,130
29,77,1.0,0,130
29,78,1.0,0,130
29,79,1.0,0,130
29,80,1.0,0,130
29,81,1.0,0,130
29,82,1.0,0,130
29,83,1.0,0,130
29,84,1.0,0,130
29,85,1.0,0,130
29,86,1.0,0,130
29,87,1.0,0,130
29,88,1.0,0,130
29,89,1.0,0,130
29,90,1.0,0,130
29,91,1.0,0,130
29,92,1.0,0,130
29,93,1.0,0,130
29,94,1.0,0,130
29,95,1.0,0,130
29,96,1.0,0,130
29,97,1.0,0,130
29,98,1.0,0,130
29,99,1.0,0,130
29,100,1.0,0,130
29,101,1.0,0,130
29,102,1.0,0,130
29,103,1.0,0,130
29,104,1.0,0,130
29,105,1.0,0,130
29,106,1.0,0,130
29,107,1.0,0,130
29,108,1.0,0,130
29,109,1.0,0,130
29,110,1.0,0,130
29,111,1.0,0,130
29,112,1.0,0,130
29,113,1.0,0,130
29,114,1.0,0,130
29,115,1.0,0,130
29,116,1.0,0,130
29,117,1.0,0,130
29,118,1.0,0,130
29,119,1.0,0,130
29,120,1.0,0,130
29,121,1.0,0,130
29,122,1.0,0,130
29,123,1.0,0,130
29,124,1.0,0,130
29,125,1.0,0,130
29,126,1.0,0,130
29,127,1.0,0,130
29,128,1.0,0,130
29,129,1.0,0,130
29,130,1.0,0,130
29,131,1.0,0,130
29,132,1.0,0,129
29,133,1.0,0,128
29,134,1.0,0,127
29,135,1.0,0,126
29,136,1.0,0,125
29,137,1.0,0,124
29,138,1.0,0,123
29,139,1.0,0,122
29,140,1.0,0,121
29,141,1.0,0,120
29,142,1.0,0,119
29,143,1.0,0,118
29,144,1.0,0,117
29,145,1.0,0,116
29,146,1.0,0,115
29,147,1.0,0,114
29,148,1.0,0,113
29,149,1.0,0,112
29,150,1.0,0,111
29,151,1.0,1,110
29,152,1.0,1,109
29,153,1.0,1,108
29,154,1.0,1,107
29,155,1.0,1,106
29,156,1.0,0,105
29,157,1.0,0,104
29,158,1.0,0,103
29,159,1.0,0,102
29,160,1.0,0,101
29,161,1.0,0,100
29,162,1.0,0,99
29,163,1.0,1,98
29,164,1.0,1,97
29,165,1.0,0,96
29,166,1.0,1,95
29,167,1.0,1,94
29,168,1.0,1,93
29,169,1.0,1,92
29,170,1.0,1,91
29,171,1.0,1,90
30,1,1.0,0,130
30,2,1.0,0,130
30,3,1.0,0,130
30,4,1.0,0,130
30,5,1.0,0,130
30,6,1.0,0,130
30,7,1.0,0,130
30,8,1.0,0,130
30,9,1.0,0,130
30,10,1.0,0,130
30,11,1.0,0,130
30,12,1.0,0,130
30,13,1.0,0,130
30,14,1.0,0,130
30,15,1.0,0,130
30,16,1.0,0,130
30,17,1.0,0,130
30,18,1.0,0,130
30,19,1.0,0,130
30,20,1.0,0,130
30,21,1.0,0,130
30,22,1.0,0,130
30,23,1.0,0,130
30,24,1.0,0,130
30,25,1.0,0,130
30,26,1.0,0,130
30,27,1.0,0,130
30,28,1.0,0,130
30,29,1.0,0,130
30,30,1.0,0,130
30,31,1.0,0,130
30,32,1.0,0,130
30,33,1.0,0,130
30,34,1.0,0,130
30,35,1.0,0,130
30,36,1.0,0,130
30,37,1.0,0,130
30,38,1.0,0,130
30,39,1.0,0,130
30,40,1.0,0,130
30,41,1.0,0,130
30,42,1.0,0,130
30,43,1.0,0,130
30,44,1.0,0,130
30,45,1.0,0,130
30,46,1.0,0,130
30,47,1.0,0,130
30,48,1.0,0,130
30,49,1.0,0,130
30,50,1.0,0,130
30,51,1.0,0,130
30,52,1.0,0,130
30,53,1.0,0,130
30,54,1.0,0,130
30,55,1.0,0,130
30,56,1.0,0,130
30,57,1.0,0,130
30,58,1.0,0,130
30,59,1.0,0,130
30,60,1.0,0,130
30,61,1.0,0,130
30,62,1.0,0,130
30,63,1.0,0,130
30,64,1.0,0,130
30,65,1.0,0,130
30,66,1.0,0,130
30,67,1.0,0,130
30,68,1.0,0,130
30,69,1.0,0,130
30,70,1.0,0,130
30,71,1.0,0,130
30,72,1.0,0,130
30,73,1.0,0,130
30,74,1.0,0,130
30,75,1.0,0,130
30,76,1.0,0,130
30,77,1.0,0,130
30,78,1.0,0,130
30,79,1.0,0,130
30,80,1.0,0,130
30,81,1.0,0,130
30,82,1.0,0,130
30,83,1.0,0,130
30,84,1.0,0,130
30,85,1.0,0,130
30,86,1.0,0,130
30,87,1.0,0,130
30,88,1.0,0,130
30,89,1.0,0,130
30,90,1.0,0,130
30,91,1.0,0,130
30,92,1.0,0,130
30,93,1.0,0,130
30,94,1.0,0,130
30,95,1.0,0,130
30,96,1.0,0,130
30,97,1.0,0,130
30,98,1.0,0,130
30,99,1.0,0,130
30,100,1.0,0,130
30,101,1.0,0,130
30,102,1.0,0,130
30,103,1.0,0,130
30,104,1.0,0,130
30,105,1.0,0,130
30,106,1.0,0,130
30,107,1.0,0,130
30,108,1.0,0,130
30,109,1.0,0,130
30,110,1.0,0,130
30,111,1.0,0,130
30,112,1.0,0,130
30,113,1.0,0,130
30,114,1.0,0,130
30,115,1.0,0,130
30,116,1.0,0,130
30,117,1.0,0,130
30,118,1.0,0,130
30,119,1.0,0,130
30,120,1.0,0,130
30,121,1.0,0,130
30,122,1.0,0,130
30,123,1.0,0,130
30,124,1.0,0,130
30,125,1.0,0,130
30,126,1.0,0,130
30,127,1.0,0,130
30,128,1.0,1,130
30,129,1.0,0,129
30,130,1.0,0,128
30,131,1.0,0,127
30,132,1.0,0,126
30,133,1.0,0,125
30,134,1.0,0,124
30,135,1.0,0,123
30,136,1.0,0,122
30,137,1.0,0,121
30,138,1.0,1,120
30,139,1.0,0,119
30,140,1.0,0,118
30,141,1.0,0,117
30,142,1.0,0,116
30,143,1.0,0,115
31,1,1.0,0,130
31,2,1.0,0,130
31,3,1.0,0,130
31,4,1.0,0,130
31,5,1.0,0,130
31,6,1.0,0,130
31,7,1.0,0,130
31,8,1.0,0,130
31,9,1.0,0,130
31,10,1.0,0,130
31,11,1.0,0,130
31,12,1.0,0,130
31,13,1.0,0,130
31,14,1.0,0,130
31,15,1.0,0,130
31,16,1.0,0,130
31,17,1.0,0,130
31,18,1.0,0,130
31,19,1.0,0,130
31,20,1.0,0,130
31,21,1.0,0,130
31,22,1.0,0,130
31,23,1.0,0,130
31,24,1.0,0,130
31,25,1.0,0,130
31,26,1.0,0,130
31,27,1.0,0,130
31,28,1.0,0,130
31,29,1.0,0,130
31,30,1.0,0,130
31,31,1.0,0,130
31,32,1.0,0,130
31,33,1.0,0,130
31,34,1.0,0,130
31,35,1.0,0,130
31,36,1.0,0,130
31,37,1.0,0,130
31,38,1.0,0,130
31,39,1.0,0,130
31,40,1.0,0,130
31,41,1.0,0,130
31,42,1.0,0,130
31,43,1.0,0,130
31,44,1.0,0,130
31,45,1.0,0,130
31,46,1.0,0,130
31,47,1.0,0,130
31,48,1.0,0,130
31,49,1.0,0,130
31,50,1.0,0,130
31,51,1.0,0,130
31,52,1.0,0,130
31,53,1.0,0,130
31,54,1.0,0,130
31,55,1.0,0,130
31,56,1.0,0,130
31,57,1.0,0,130
31,58,1.0,0,130
31,59,1.0,0,130
31,60,1.0,0,130
31,61,1.0,0,130
31,62,1.0,0,130
31,63,1.0,0,130
31,64,1.0,0,130
31,65,1.0,0,130
31,66,1.0,0,130
31,67,1.0,0,130
31,68,1.0,0,130
31,69,1.0,0,130
31,70,1.0,0,130
31,71,1.0,0,130
31,72,1.0,0,130
31,73,1.0,0,130
31,74,1.0,0,130
31,75,1.0,0,129
31,76,1.0,0,128
31,77,1.0,0,127
31,78,1.0,0,126
31,79,1.0,0,125
31,80,1.0,0,124
31,81,1.0,0,123
31,82,1.0,0,122
31,83,1.0,0,121
31,84,1.0,0,120
31,85,1.0,0,119
31,86,1.0,0,118
31,87,1.0,0,117
31,88,1.0,0,116
31,89,1.0,0,115
31,90,1.0,0,114
31,91,1.0,0,113
31,92,1.0,0,112
31,93,1.0,0,111
31,94,1.0,0,110
31,95,1.0,0,109
31,96,1.0,0,108
31,97,1.0,0,107
31,98,1.0,0,106
31,99,1.0,1,105
31,100,1.0,1,104
31,101,1.0,1,103
31,102,1.0,1,102
31,103,1.0,1,101
31,104,1.0,1,100
31,105,1.0,1,99
31,106,1.0,1,98
31,107,1.0,1,97
31,108,1.0,1,96
31,109,1.0,1,95
31,110,1.0,1,94
31,111,1.0,1,93
31,112,1.0,1,92
31,113,1.0,1,91
31,114,1.0,0,90
31,115,1.0,0,89
31,116,1.0,1,88
31,117,1.0,0,87
31,118,1.0,1,86
31,119,1.0,0,85
31,120,1.0,1,84
31,121,1.0,1,83
31,122,1.0,0,82
31,123,1.0,1,81
31,124,1.0,1,80
31,125,1.0,1,79
31,126,1.0,1,78
31,127,1.0,1,77
31,128,1.0,1,76
31,129,1.0,1,75
31,130,1.0,1,74
31,131,1.0,1,73
31,132,1.0,1,72
31,133,1.0,1,71
31,134,1.0,1,70
31,135,1.0,1,69
31,136,1.0,1,68
31,137,1.0,1,67
31,138,1.0,1,66
31,139,1.0,1,65
31,140,1.0,1,64
31,141,1.0,1,63
31,142,1.0,1,62
31,143,1.0,1,61
31,144,1.0,1,60
31,145,1.0,1,59
31,146,1.0,1,58
31,147,1.0,1,57
31,148,1.0,1,56
31,149,1.0,1,55
31,150,1.0,1,54
31,151,1.0,1,53
31,152,1.0,1,52
31,153,1.0,1,51
31,154,1.0,1,50
31,155,1.0,1,49
31,156,1.0,1,48
31,157,1.0,1,47
31,158,1.0,1,46
31,159,1.0,1,45
31,160,1.0,1,44
31,161,1.0,1,43
31,162,1.0,1,42
31,163,1.0,1,41
31,164,1.0,1,40
31,165,1.0,1,39
31,166,1.0,1,38
31,167,1.0,1,37
31,168,1.0,1,36
31,169,1.0,1,35
31,170,1.0,1,34
31,171,1.0,1,33
31,172,1.0,1,32
31,173,1.0,1,31
31,174,1.0,1,30
31,175,1.0,1,29
31,176,1.0,1,28
31,177,1.0,1,27
31,178,1.0,1,26
31,179,1.0,2,25
31,180,1.0,2,24
31,181,1.0,2,23
31,182,1.0,2,22
31,183,1.0,2,21
31,184,1.0,2,20
31,185,1.0,2,19
31,186,1.0,2,18
31,187,1.0,2,17
31,188,1.0,2,16
31,189,1.0,2,15
31,190,1.0,2,14
31,191,1.0,2,13
31,192,1.0,2,12
31,193,1.0,2,11
31,194,,3,10
31,195,,2,9
31,196,,2,8
32,1,1.0,0,130
32,2,1.0,0,130
32,3,1.0,0,130
32,4,1.0,0,130
32,5,1.0,0,130
32,6,1.0,0,130
32,7,1.0,0,130
32,8,1.0,0,130
32,9,1.0,0,130
32,10,1.0,0,130
32,11,1.0,0,130
32,12,1.0,0,130
32,13,1.0,0,130
32,14,1.0,0,130
32,15,1.0,0,130
32,16,1.0,0,130
32,17,1.0,0,130
32,18,1.0,0,130
32,19,1.0,0,130
32,20,1.0,0,130
32,21,1.0,0,130
32,22,1.0,0,130
32,23,1.0,0,130
32,24,1.0,0,130
32,25,1.0,0,130
32,26,1.0,0,130
32,27,1.0,0,130
32,28,1.0,0,130
32,29,1.0,0,130
32,30,1.0,0,130
32,31,1.0,0,130
32,32,1.0,0,130
32,33,1.0,0,130
32,34,1.0,0,130
32,35,1.0,0,130
32,36,1.0,0,130
32,37,1.0,0,130
32,38,1.0,0,130
32,39,1.0,0,130
32,40,1.0,0,130
32,41,1.0,0,130
32,42,1.0,0,130
32,43,1.0,0,130
32,44,1.0,0,130
32,45,1.0,0,130
32,46,1.0,0,130
32,47,1.0,0,130
32,48,1.0,0,130
32,49,1.0,0,130
32,50,1.0,0,130
32,51,1.0,0,130
32,52,1.0,0,130
32,53,1.0,0,130
32,54,1.0,0,130
32,55,1.0,0,130
32,56,1.0,0,130
32,57,1.0,0,130
32,58,1.0,0,130
32,59,1.0,0,130
32,60,1.0,0,130
32,61,1.0,0,130
32,62,1.0,0,130
32,63,1.0,0,130
32,64,1.0,0,129
32,65,1.0,0,128
32,66,1.0,0,127
32,67,1.0,0,126
32,68,1.0,0,125
32,69,1.0,0,124
32,70,1.0,0,123
32,71,1.0,0,122
32,72,1.0,0,121
32,73,1.0,0,120
32,74,1.0,0,119
32,75,1.0,0,118
32,76,1.0,0,117
32,77,1.0,0,116
32,78,1.0,0,115
32,79,1.0,0,114
32,80,1.0,0,113
32,81,1.0,0,112
32,82,1.0,0,111
32,83,1.0,0,110
32,84,1.0,0,109
32,85,1.0,0,108
32,86,1.0,0,107
32,87,1.0,0,106
32,88,1.0,0,105
32,89,1.0,0,104
32,90,1.0,0,103
32,91,1.0,0,102
32,92,1.0,0,101
32,93,1.0,0,100
32,94,1.0,0,99
32,95,1.0,0,98
32,96,1.0,0,97
32,97,1.0,0,96
32,98,1.0,0,95
32,99,1.0,0,94
32,100,1.0,0,93
32,101,1.0,0,92
32,102,1.0,0,91
32,103,1.0,0,90
32,104,1.0,0,89
32,105,1.0,0,88
32,106,1.0,0,87
32,107,1.0,0,86
32,108,1.0,0,85
32,109,1.0,0,84
32,110,1.0,0,83
32,111,1.0,0,82
32,112,1.0,0,81
32,113,1.0,0,80
32,114,1.0,0,79
32,115,1.0,1,78
32,116,1.0,0,77
32,117,1.0,0,76
32,118,1.0,0,75
32,119,1.0,0,74
32,120,1.0,0,73
32,121,1.0,0,72
32,122,1.0,1,71
32,123,1.0,1,70
32,124,1.0,1,69
32,125,1.0,0,68
32,126,1.0,1,67
32,127,1.0,1,66
32,128,1.0,1,65
32,129,1.0,1,64
32,130,1.0,1,63
32,131,1.0,1,62
32,132,1.0,1,61
32,133,1.0,1,60
32,134,1.0,1,59
32,135,1.0,1,58
32,136,1.0,1,57
32,137,1.0,1,56
32,138,1.0,1,55
32,139,1.0,1,54
32,140,1.0,1,53
32,141,1.0,1,52
32,142,1.0,1,51
32,143,1.0,1,50
32,144,1.0,1,49
32,145,1.0,1,48
33,1,1.0,0,130
33,2,1.0,0,130
33,3,1.0,0,130
33,4,1.0,0,130
33,5,1.0,0,130
33,6,1.0,0,130
33,7,1.0,0,130
33,8,1.0,0,130
33,9,1.0,0,130
33,10,1.0,0,130
33,11,1.0,0,130
33,12,1.0,0,130
33,13,1.0,0,130
33,14,1.0,0,130
33,15,1.0,0,130
33,16,1.0,0,130
33,17,1.0,0,130
33,18,1.0,0,130
33,19,1.0,0,130
33,20,1.0,0,130
33,21,1.0,0,130
33,22,1.0,0,130
33,23,1.0,0,130
33,24,1.0,0,130
33,25,1.0,0,130
33,26,1.0,0,130
33,27,1.0,0,129
33,28,1.0,1,128
33,29,1.0,0,127
33,30,1.0,0,126
33,31,1.0,1,125
33,32,1.0,1,124
33,33,1.0,1,123
33,34,1.0,0,122
33,35,1.0,0,121
33,36,1.0,0,120
33,37,1.0,0,119
33,38,1.0,0,118
33,39,1.0,0,117
33,40,1.0,0,116
33,41,1.0,0,115
33,42,1.0,0,114
33,43,1.0,0,113
33,44,1.0,0,112
33,45,1.0,0,111
33,46,1.0,0,110
33,47,1.0,0,109
33,48,1.0,0,108
33,49,1.0,0,107
33,50,1.0,0,106
34,1,1.0,0,130
34,2,1.0,0,130
34,3,1.0,0,130
34,4,1.0,0,130
34,5,1.0,0,130
34,6,1.0,0,130
34,7,1.0,0,130
34,8,1.0,0,130
34,9,1.0,0,130
34,10,1.0,0,130
34,11,1.0,0,130
34,12,1.0,0,130
34,13,1.0,0,130
34,14,1.0,0,130
34,15,1.0,0,130
34,16,1.0,0,130
34,17,1.0,0,130
34,18,1.0,0,130
34,19,1.0,0,130
34,20,1.0,0,130
34,21,1.0,0,130
34,22,1.0,0,130
34,23,1.0,0,130
34,24,1.0,0,130
34,25,1.0,0,130
34,26,1.0,0,130
34,27,1.0,0,130
34,28,1.0,0,130
34,29,1.0,0,130
34,30,1.0,0,130
34,31,1.0,0,130
34,32,1.0,0,130
34,33,1.0,0,130
34,34,1.0,0,130
34,35,1.0,0,130
34,36,1.0,0,130
34,37,1.0,0,130
34,38,1.0,0,130
34,39,1.0,0,130
34,40,1.0,0,130
34,41,1.0,0,130
34,42,1.0,0,130
34,43,1.0,0,130
34,44,1.0,0,130
34,45,1.0,0,130
34,46,1.0,0,130
34,47,1.0,0,130
34,48,1.0,0,130
34,49,1.0,0,130
34,50,1.0,0,130
34,51,1.0,0,130
34,52,1.0,0,130
34,53,1.0,0,130
34,54,1.0,0,130
34,55,1.0,0,130
34,56,1.0,0,130
34,57,1.0,0,130
34,58,1.0,0,130
34,59,1.0,0,130
34,60,1.0,0,130
34,61,1.0,0,130
34,62,1.0,0,130
34,63,1.0,0,130
34,64,1.0,0,130
34,65,1.0,0,130
34,66,1.0,0,130
34,67,1.0,0,130
34,68,1.0,0,130
34,69,1.0,0,130
34,70,1.0,0,130
34,71,1.0,0,130
34,72,1.0,0,130
34,73,1.0,0,130
34,74,1.0,0,130
34,75,1.0,0,130
34,76,1.0,0,130
34,77,1.0,0,130
34,78,1.0,0,130
34,79,1.0,0,130
34,80,1.0,0,130
34,81,1.0,0,129
34,82,1.0,0,128
34,83,1.0,0,127
34,84,1.0,0,126
34,85,1.0,0,125
34,86,1.0,0,124
34,87,1.0,0,123
34,88,1.0,0,122
34,89,1.0,0,121
34,90,1.0,0,120
34,91,1.0,0,119
34,92,1.0,0,118
34,93,1.0,0,117
34,94,1.0,0,116
34,95,1.0,0,115
34,96,1.0,0,114
34,97,1.0,0,113
34,98,1.0,0,112
34,99,1.0,0,111
34,100,1.0,0,110
34,101,1.0,0,109
34,102,1.0,0,108
34,103,1.0,0,107
34,104,1.0,0,106
34,105,1.0,0,105
34,106,1.0,0,104
34,107,1.0,0,103
34,108,1.0,0,102
34,109,1.0,0,101
34,110,1.0,0,100
34,111,1.0,0,99
34,112,1.0,0,98
34,113,1.0,0,97
34,114,1.0,0,96
34,115,1.0,0,95
34,116,1.0,0,94
34,117,1.0,0,93
34,118,1.0,0,92
34,119,1.0,0,91
34,120,1.0,0,90
34,121,1.0,0,89
34,122,1.0,0,88
34,123,1.0,0,87
34,124,1.0,0,86
34,125,1.0,0,85
34,126,1.0,0,84
34,127,1.0,0,83
34,128,1.0,0,82
34,129,1.0,0,81
34,130,1.0,0,80
34,131,1.0,0,79
34,132,1.0,0,78
34,133,1.0,0,77
34,134,1.0,0,76
34,135,1.0,0,75
34,136,1.0,0,74
34,137,1.0,0,73
34,138,1.0,0,72
34,139,1.0,0,71
34,140,1.0,0,70
34,141,1.0,0,69
34,142,1.0,0,68
34,143,1.0,0,67
34,144,1.0,0,66
34,145,1.0,0,65
34,146,1.0,0,64
34,147,1.0,0,63
34,148,1.0,0,62
34,149,1.0,0,61
34,150,1.0,0,60
34,151,1.0,0,59
34,152,1.0,0,58
34,153,1.0,0,57
34,154,1.0,0,56
34,155,1.0,0,55
34,156,1.0,0,54
34,157,1.0,0,53
34,158,1.0,0,52
34,159,1.0,0,51
34,160,1.0,0,50
34,161,1.0,0,49
34,162,1.0,0,48
34,163,1.0,0,47
34,164,1.0,0,46
34,165,1.0,0,45
34,166,1.0,0,44
34,167,1.0,0,43
34,168,1.0,0,42
34,169,1.0,0,41
34,170,1.0,0,40
34,171,1.0,1,39
34,172,1.0,0,38
34,173,1.0,1,37
34,174,1.0,1,36
34,175,1.0,1,35
34,176,1.0,1,34
34,177,1.0,1,33
34,178,1.0,1,32
34,179,1.0,1,31
34,180,1.0,1,30
34,181,1.0,1,29
34,182,1.0,1,28
34,183,1.0,1,27
34,184,1.0,1,26
34,185,1.0,1,25
34,186,1.0,1,24
34,187,1.0,1,23
34,188,1.0,2,22
34,189,1.0,2,21
34,190,1.0,2,20
34,191,1.0,2,19
34,192,1.0,2,18
34,193,1.0,2,17
34,194,1.0,2,16
34,195,1.0,2,15
34,196,1.0,2,14
34,197,1.0,2,13
34,198,1.0,2,12
34,199,1.0,2,11
34,200,,3,10
34,201,,3,9
34,202,,3,8
34,203,,3,7
35,1,1.0,0,130
35,2,1.0,0,130
35,3,1.0,0,130
35,4,1.0,0,130
35,5,1.0,0,130
35,6,1.0,0,130
35,7,1.0,0,130
35,8,1.0,0,130
35,9,1.0,0,130
35,10,1.0,0,130
35,11,1.0,0,130
35,12,1.0,0,130
35,13,1.0,0,130
35,14,1.0,0,130
35,15,1.0,0,130
35,16,1.0,0,130
35,17,1.0,0,130
35,18,1.0,0,130
35,19,1.0,0,130
35,20,1.0,0,130
35,21,1.0,0,130
35,22,1.0,0,130
35,23,1.0,0,130
35,24,1.0,0,130
35,25,1.0,0,130
35,26,1.0,0,130
35,27,1.0,0,130
35,28,1.0,0,130
35,29,1.0,0,130
35,30,1.0,0,130
35,31,1.0,0,130
35,32,1.0,0,130
35,33,1.0,0,130
35,34,1.0,0,130
35,35,1.0,0,130
35,36,1.0,0,130
35,37,1.0,0,130
35,38,1.0,0,130
35,39,1.0,0,130
35,40,1.0,0,130
35,41,1.0,1,130
35,42,1.0,1,130
35,43,1.0,0,130
35,44,1.0,1,130
35,45,1.0,0,130
35,46,1.0,0,130
35,47,1.0,0,130
35,48,1.0,0,130
35,49,1.0,0,130
35,50,1.0,0,130
35,51,1.0,0,130
35,52,1.0,0,130
35,53,1.0,0,130
35,54,1.0,0,130
35,55,1.0,0,130
35,56,1.0,0,130
35,57,1.0,0,130
35,58,1.0,0,130
35,59,1.0,0,130
35,60,1.0,0,130
35,61,1.0,0,130
35,62,1.0,0,130
35,63,1.0,0,130
35,64,1.0,0,130
35,65,1.0,0,130
35,66,1.0,1,130
35,67,1.0,1,130
35,68,1.0,1,130
35,69,1.0,1,130
35,70,1.0,0,130
35,71,1.0,0,130
35,72,1.0,0,130
35,73,1.0,0,130
35,74,1.0,0,130
35,75,1.0,0,130
35,76,1.0,0,130
35,77,1.0,0,130
35,78,1.0,0,130
35,79,1.0,1,130
35,80,1.0,0,129
35,81,1.0,1,128
35,82,1.0,1,127
35,83,1.0,1,126
35,84,1.0,1,125
35,85,1.0,0,124
35,86,1.0,0,123
35,87,1.0,0,122
35,88,1.0,0,121
35,89,1.0,0,120
35,90,1.0,0,119
35,91,1.0,0,118
35,92,1.0,0,117
35,93,1.0,0,116
35,94,1.0,0,115
35,95,1.0,0,114
35,96,1.0,0,113
35,97,1.0,0,112
35,98,1.0,0,111
35,99,1.0,0,110
35,100,1.0,0,109
35,101,1.0,0,108
35,102,1.0,0,107
35,103,1.0,0,106
35,104,1.0,0,105
35,105,1.0,0,104
35,106,1.0,0,103
35,107,1.0,0,102
35,108,1.0,0,101
35,109,1.0,0,100
35,110,1.0,0,99
35,111,1.0,0,98
35,112,1.0,0,97
35,113,1.0,0,96
35,114,1.0,0,95
35,115,1.0,0,94
35,116,1.0,0,93
35,117,1.0,0,92
35,118,1.0,0,91
35,119,1.0,0,90
35,120,1.0,0,89
35,121,1.0,0,88
35,122,1.0,0,87
35,123,1.0,0,86
35,124,1.0,0,85
35,125,1.0,0,84
35,126,1.0,0,83
35,127,1.0,1,82
35,128,1.0,1,81
35,129,1.0,1,80
35,130,1.0,1,79
35,131,1.0,1,78
35,132,1.0,1,77
35,133,1.0,1,76
35,134,1.0,1,75
35,135,1.0,1,74
35,136,1.0,1,73
35,137,1.0,1,72
35,138,1.0,1,71
35,139,1.0,1,70
35,140,1.0,1,69
35,141,1.0,1,68
35,142,1.0,1,67
35,143,1.0,1,66
35,144,1.0,1,65
35,145,1.0,1,64
35,146,1.0,1,63
35,147,1.0,1,62
35,148,1.0,1,61
35,149,1.0,1,60
35,150,1.0,1,59
35,151,1.0,1,58
35,152,1.0,1,57
35,153,1.0,1,56
35,154,1.0,1,55
35,155,1.0,1,54
35,156,1.0,1,53
35,157,1.0,2,52
35,158,1.0,2,51
35,159,1.0,1,50
35,160,1.0,1,49
35,161,1.0,1,48
35,162,1.0,1,47
35,163,1.0,1,46
35,164,1.0,1,45
35,165,1.0,1,44
35,166,1.0,1,43
35,167,1.0,1,42
35,168,1.0,2,41
35,169,1.0,2,40
35,170,1.0,2,39
35,171,1.0,2,38
35,172,1.0,2,37
35,173,1.0,2,36
35,174,1.0,2,35
35,175,1.0,2,34
35,176,1.0,2,33
35,177,1.0,2,32
35,178,1.0,2,31
35,179,1.0,2,30
35,180,1.0,2,29
35,181,1.0,2,28
35,182,1.0,2,27
35,183,1.0,2,26
35,184,1.0,2,25
35,185,1.0,2,24
35,186,1.0,2,23
35,187,1.0,2,22
35,188,1.0,2,21
35,189,1.0,2,20
35,190,1.0,2,19
35,191,1.0,2,18
35,192,1.0,2,17
35,193,1.0,2,16
35,194,1.0,2,15
35,195,1.0,2,14
35,196,1.0,2,13
35,197,,3,12
35,198,,3,11
36,1,1.0,0,130
36,2,1.0,0,130
36,3,1.0,0,130
36,4,1.0,0,130
36,5,1.0,0,130
36,6,1.0,0,130
36,7,1.0,0,130
36,8,1.0,0,130
36,9,1.0,0,130
36,10,1.0,0,130
36,11,1.0,0,130
36,12,1.0,0,130
36,13,1.0,0,130
36,14,1.0,0,130
36,15,1.0,0,130
36,16,1.0,0,129
36,17,1.0,0,128
36,18,1.0,0,127
36,19,1.0,0,126
36,20,1.0,0,125
36,21,1.0,0,124
36,22,1.0,0,123
36,23,1.0,0,122
36,24,1.0,0,121
36,25,1.0,0,120
36,26,1.0,0,119
36,27,1.0,0,118
36,28,1.0,0,117
36,29,1.0,0,116
36,30,1.0,0,115
36,31,1.0,0,114
36,32,1.0,0,113
36,33,1.0,0,112
36,34,1.0,0,111
36,35,1.0,0,110
36,36,1.0,0,109
36,37,1.0,0,108
36,38,1.0,0,107
36,39,1.0,0,106
36,40,1.0,0,105
36,41,1.0,0,104
36,42,1.0,0,103
36,43,1.0,0,102
36,44,1.0,0,101
36,45,1.0,0,100
36,46,1.0,0,99
36,47,1.0,0,98
36,48,1.0,0,97
36,49,1.0,0,96
36,50,1.0,0,95
36,51,1.0,0,94
36,52,1.0,0,93
36,53,1.0,0,92
36,54,1.0,0,91
36,55,1.0,0,90
36,56,1.0,0,89
36,57,1.0,0,88
36,58,1.0,0,87
36,59,1.0,0,86
36,60,1.0,0,85
36,61,1.0,0,84
36,62,1.0,0,83
36,63,1.0,0,82
36,64,1.0,0,81
36,65,1.0,0,80
36,66,1.0,0,79
36,67,1.0,0,78
36,68,1.0,0,77
36,69,1.0,0,76
36,70,1.0,0,75
36,71,1.0,0,74
36,72,1.0,1,73
36,73,1.0,1,72
36,74,1.0,1,71
36,75,1.0,1,70
36,76,1.0,1,69
36,77,1.0,1,68
36,78,1.0,1,67
36,79,1.0,1,66
36,80,1.0,1,65
36,81,1.0,1,64
36,82,1.0,1,63
36,83,1.0,1,62
36,84,1.0,1,61
36,85,1.0,1,60
36,86,1.0,1,59
36,87,1.0,1,58
36,88,1.0,1,57
36,89,1.0,1,56
36,90,1.0,1,55
36,91,1.0,1,54
36,92,1.0,1,53
36,93,1.0,1,52
36,94,1.0,1,51
36,95,1.0,1,50
36,96,1.0,1,49
36,97,1.0,1,48
36,98,1.0,1,47
36,99,1.0,1,46
36,100,1.0,1,45
36,101,1.0,1,44
36,102,1.0,1,43
36,103,1.0,1,42
36,104,1.0,1,41
36,105,1.0,1,40
36,106,1.0,1,39
36,107,1.0,1,38
36,108,1.0,2,37
36,109,1.0,1,36
36,110,1.0,1,35
36,111,1.0,1,34
36,112,1.0,1,33
36,113,1.0,2,32
36,114,1.0,2,31
36,115,1.0,2,30
36,116,1.0,2,29
36,117,1.0,2,28
36,118,1.0,2,27
36,119,1.0,2,26
36,120,1.0,2,25
36,121,1.0,2,24
36,122,1.0,2,23
36,123,1.0,2,22
36,124,1.0,2,21
36,125,1.0,2,20
36,126,1.0,2,19
37,1,1.0,0,130
37,2,1.0,0,130
37,3,1.0,0,130
37,4,1.0,0,130
37,5,1.0,0,130
37,6,1.0,0,130
37,7,1.0,0,130
37,8,1.0,0,130
37,9,1.0,0,130
37,10,1.0,0,130
37,11,1.0,0,130
37,12,1.0,0,130
37,13,1.0,0,129
37,14,1.0,0,128
37,15,1.0,0,127
37,16,1.0,0,126
37,17,1.0,0,125
37,18,1.0,0,124
37,19,1.0,0,123
37,20,1.0,0,122
37,21,1.0,0,121
37,22,1.0,0,120
37,23,1.0,0,119
37,24,1.0,0,118
37,25,1.0,0,117
37,26,1.0,0,116
37,27,1.0,0,115
37,28,1.0,0,114
37,29,1.0,0,113
37,30,1.0,0,112
37,31,1.0,0,111
37,32,1.0,0,110
37,33,1.0,0,109
37,34,1.0,0,108
37,35,1.0,0,107
37,36,1.0,0,106
37,37,1.0,0,105
37,38,1.0,0,104
37,39,1.0,0,103
37,40,1.0,0,102
37,41,1.0,0,101
37,42,1.0,0,100
37,43,1.0,0,99
37,44,1.0,0,98
37,45,1.0,0,97
37,46,1.0,0,96
37,47,1.0,0,95
37,48,1.0,0,94
37,49,1.0,0,93
37,50,1.0,0,92
37,51,1.0,0,91
37,52,1.0,0,90
37,53,1.0,0,89
37,54,1.0,0,88
37,55,1.0,0,87
37,56,1.0,0,86
37,57,1.0,0,85
37,58,1.0,0,84
37,59,1.0,0,83
37,60,1.0,0,82
37,61,1.0,0,81
37,62,1.0,0,80
37,63,1.0,0,79
37,64,1.0,0,78
37,65,1.0,0,77
37,66,1.0,0,76
37,67,1.0,0,75
37,68,1.0,0,74
37,69,1.0,0,73
37,70,1.0,0,72
37,71,1.0,0,71
37,72,1.0,0,70
37,73,1.0,0,69
37,74,1.0,0,68
37,75,1.0,0,67
37,76,1.0,0,66
37,77,1.0,0,65
37,78,1.0,0,64
37,79,1.0,0,63
37,80,1.0,0,62
37,81,1.0,0,61
37,82,1.0,0,60
37,83,1.0,0,59
37,84,1.0,0,58
37,85,1.0,0,57
37,86,1.0,0,56
37,87,1.0,0,55
37,88,1.0,0,54
37,89,1.0,0,53
37,90,1.0,0,52
37,91,1.0,0,51
37,92,1.0,0,50
37,93,1.0,0,49
37,94,1.0,0,48
37,95,1.0,0,47
37,96,1.0,0,46
37,97,1.0,0,45
37,98,1.0,0,44
37,99,1.0,0,43
37,100,1.0,0,42
37,101,1.0,0,41
37,102,1.0,0,40
37,103,1.0,0,39
37,104,1.0,0,38
37,105,1.0,0,37
37,106,1.0,0,36
37,107,1.0,0,35
37,108,1.0,0,34
37,109,1.0,0,33
37,110,1.0,0,32
37,111,1.0,0,31
37,112,1.0,0,30
37,113,1.0,0,29
37,114,1.0,0,28
37,115,1.0,0,27
37,116,1.0,0,26
37,117,1.0,0,25
37,118,1.0,0,24
37,119,1.0,0,23
37,120,1.0,0,22
37,121,1.0,0,21
38,1,1.0,0,130
38,2,1.0,0,130
38,3,1.0,0,130
38,4,1.0,0,130
38,5,1.0,0,130
38,6,1.0,0,130
38,7,1.0,0,130
38,8,1.0,0,130
38,9,1.0,0,130
38,10,1.0,0,130
38,11,1.0,0,130
38,12,1.0,0,130
38,13,1.0,0,130
38,14,1.0,0,130
38,15,1.0,0,130
38,16,1.0,0,130
38,17,1.0,0,130
38,18,1.0,0,130
38,19,1.0,0,130
38,20,1.0,0,130
38,21,1.0,0,130
38,22,1.0,0,130
38,23,1.0,0,130
38,24,1.0,0,130
38,25,1.0,0,130
38,26,1.0,0,130
38,27,1.0,0,130
38,28,1.0,0,130
38,29,1.0,0,130
38,30,1.0,0,130
38,31,1.0,0,130
38,32,1.0,0,130
38,33,1.0,0,130
38,34,1.0,0,130
38,35,1.0,0,130
38,36,1.0,0,130
38,37,1.0,0,130
38,38,1.0,0,130
38,39,1.0,0,130
38,40,1.0,0,130
38,41,1.0,0,130
38,42,1.0,0,130
38,43,1.0,0,130
38,44,1.0,0,130
38,45,1.0,0,130
38,46,1.0,0,129
38,47,1.0,0,128
38,48,1.0,0,127
38,49,1.0,0,126
38,50,1.0,0,125
38,51,1.0,0,124
38,52,1.0,0,123
38,53,1.0,0,122
38,54,1.0,0,121
38,55,1.0,0,120
38,56,1.0,0,119
38,57,1.0,0,118
38,58,1.0,0,117
38,59,1.0,0,116
38,60,1.0,0,115
38,61,1.0,0,114
38,62,1.0,0,113
38,63,1.0,0,112
38,64,1.0,0,111
38,65,1.0,0,110
38,66,1.0,0,109
38,67,1.0,0,108
38,68,1.0,0,107
38,69,1.0,0,106
38,70,1.0,0,105
38,71,1.0,0,104
38,72,1.0,0,103
38,73,1.0,0,102
38,74,1.0,0,101
38,75,1.0,0,100
38,76,1.0,0,99
38,77,1.0,0,98
38,78,1.0,0,97
38,79,1.0,0,96
38,80,1.0,0,95
38,81,1.0,0,94
38,82,1.0,0,93
38,83,1.0,0,92
38,84,1.0,0,91
38,85,1.0,0,90
38,86,1.0,0,89
38,87,1.0,0,88
38,88,1.0,0,87
38,89,1.0,0,86
38,90,1.0,0,85
38,91,1.0,0,84
38,92,1.0,1,83
38,93,1.0,0,82
38,94,1.0,0,81
38,95,1.0,0,80
38,96,1.0,0,79
38,97,1.0,1,78
38,98,1.0,1,77
38,99,1.0,1,76
38,100,1.0,1,75
38,101,1.0,1,74
38,102,1.0,1,73
38,103,1.0,1,72
38,104,1.0,1,71
38,105,1.0,1,70
38,106,1.0,1,69
38,107,1.0,1,68
38,108,1.0,1,67
38,109,1.0,1,66
38,110,1.0,1,65
38,111,1.0,1,64
38,112,1.0,1,63
38,113,1.0,1,62
38,114,1.0,1,61
38,115,1.0,1,60
38,116,1.0,1,59
38,117,1.0,1,58
38,118,1.0,1,57
38,119,1.0,1,56
38,120,1.0,1,55
38,121,1.0,1,54
38,122,1.0,1,53
38,123,1.0,1,52
38,124,1.0,1,51
38,125,1.0,1,50
39,1,1.0,0,130
39,2,1.0,0,130
39,3,1.0,0,130
39,4,1.0,0,130
39,5,1.0,0,130
39,6,1.0,0,130
39,7,1.0,0,130
39,8,1.0,0,130
39,9,1.0,0,130
39,10,1.0,0,130
39,11,1.0,0,130
39,12,1.0,0,130
39,13,1.0,0,130
39,14,1.0,0,130
39,15,1.0,0,130
39,16,1.0,0,130
39,17,1.0,0,130
39,18,1.0,0,130
39,19,1.0,0,130
39,20,1.0,0,130
39,21,1.0,0,130
39,22,1.0,0,130
39,23,1.0,0,130
39,24,1.0,0,130
39,25,1.0,0,130
39,26,1.0,0,130
39,27,1.0,0,130
39,28,1.0,0,130
39,29,1.0,0,130
39,30,1.0,0,130
39,31,1.0,0,130
39,32,1.0,0,130
39,33,1.0,0,130
39,34,1.0,0,130
39,35,1.0,0,130
39,36,1.0,0,130
39,37,1.0,0,130
40,1,1.0,0,130
40,2,1.0,0,130
40,3,1.0,0,130
40,4,1.0,0,130
40,5,1.0,0,130
40,6,1.0,0,130
40,7,1.0,0,130
40,8,1.0,0,130
40,9,1.0,0,130
40,10,1.0,0,130
40,11,1.0,0,130
40,12,1.0,0,130
40,13,1.0,0,130
40,14,1.0,0,130
40,15,1.0,0,130
40,16,1.0,0,130
40,17,1.0,0,130
40,18,1.0,0,130
40,19,1.0,0,130
40,20,1.0,0,130
40,21,1.0,0,130
40,22,1.0,0,130
40,23,1.0,0,130
40,24,1.0,0,130
40,25,1.0,0,130
40,26,1.0,0,130
40,27,1.0,0,130
40,28,1.0,0,130
40,29,1.0,0,130
40,30,1.0,0,130
40,31,1.0,0,130
40,32,1.0,0,129
40,33,1.0,0,128
40,34,1.0,1,127
40,35,1.0,0,126
40,36,1.0,0,125
40,37,1.0,1,124
40,38,1.0,0,123
40,39,1.0,0,122
40,40,1.0,0,121
40,41,1.0,0,120
40,42,1.0,1,119
40,43,1.0,1,118
40,44,1.0,0,117
40,45,1.0,1,116
40,46,1.0,0,115
40,47,1.0,0,114
40,48,1.0,0,113
40,49,1.0,0,112
40,50,1.0,0,111
40,51,1.0,0,110
40,52,1.0,0,109
40,53,1.0,0,108
40,54,1.0,0,107
40,55,1.0,0,106
40,56,1.0,0,105
40,57,1.0,0,104
40,58,1.0,0,103
40,59,1.0,0,102
40,60,1.0,0,101
40,61,1.0,1,100
40,62,1.0,0,99
40,63,1.0,0,98
40,64,1.0,0,97
40,65,1.0,0,96
40,66,1.0,0,95
40,67,1.0,0,94
40,68,1.0,0,93
40,69,1.0,0,92
40,70,1.0,0,91
40,71,1.0,0,90
40,72,1.0,0,89
40,73,1.0,0,88
40,74,1.0,1,87
40,75,1.0,1,86
40,76,1.0,1,85
40,77,1.0,1,84
40,78,1.0,1,83
40,79,1.0,1,82
40,80,1.0,1,81
40,81,1.0,1,80
40,82,1.0,1,79
40,83,1.0,0,78
40,84,1.0,1,77
40,85,1.0,1,76
40,86,1.0,0,75
40,87,1.0,1,74
40,88,1.0,1,73
40,89,1.0,0,72
40,90,1.0,0,71
40,91,1.0,0,70
40,92,1.0,0,69
40,93,1.0,0,68
40,94,1.0,0,67
40,95,1.0,0,66
40,96,1.0,0,65
40,97,1.0,2,64
40,98,1.0,0,63
40,99,1.0,2,62
40,100,1.0,2,61
40,101,1.0,2,60
40,102,1.0,2,59
40,103,1.0,2,58
40,104,1.0,2,57
40,105,1.0,2,56
40,106,1.0,1,55
40,107,1.0,1,54
40,108,1.0,2,53
40,109,1.0,1,52
40,110,1.0,1,51
40,111,1.0,1,50
40,112,1.0,1,49
40,113,1.0,1,48
40,114,1.0,1,47
40,115,1.0,1,46
40,116,1.0,1,45
40,117,1.0,1,44
40,118,1.0,1,43
40,119,1.0,1,42
40,120,1.0,1,41
40,121,1.0,1,40
40,122,1.0,1,39
40,123,1.0,1,38
40,124,1.0,1,37
40,125,1.0,2,36
40,126,1.0,1,35
40,127,1.0,1,34
40,128,1.0,2,33
40,129,1.0,2,32
40,130,1.0,2,31
40,131,1.0,2,30
40,132,1.0,2,29
40,133,1.0,1,28
41,1,1.0,0,130
41,2,1.0,0,130
41,3,1.0,0,130
41,4,1.0,0,130
41,5,1.0,0,130
41,6,1.0,0,130
41,7,1.0,0,130
41,8,1.0,0,130
41,9,1.0,0,130
41,10,1.0,0,130
41,11,1.0,0,130
41,12,1.0,0,129
41,13,1.0,0,128
41,14,1.0,0,127
41,15,1.0,0,126
41,16,1.0,0,125
41,17,1.0,0,124
41,18,1.0,0,123
41,19,1.0,0,122
41,20,1.0,0,121
41,21,1.0,0,120
41,22,1.0,0,119
41,23,1.0,0,118
41,24,1.0,0,117
41,25,1.0,0,116
41,26,1.0,0,115
41,27,1.0,0,114
41,28,1.0,0,113
41,29,1.0,0,112
41,30,1.0,0,111
41,31,1.0,0,110
41,32,1.0,0,109
41,33,1.0,0,108
41,34,1.0,0,107
41,35,1.0,0,106
41,36,1.0,0,105
41,37,1.0,0,104
41,38,1.0,0,103
41,39,1.0,0,102
41,40,1.0,0,101
41,41,1.0,0,100
41,42,1.0,0,99
41,43,1.0,0,98
41,44,1.0,0,97
41,45,1.0,0,96
41,46,1.0,0,95
41,47,1.0,0,94
41,48,1.0,0,93
41,49,1.0,0,92
41,50,1.0,0,91
41,51,1.0,0,90
41,52,1.0,0,89
41,53,1.0,0,88
41,54,1.0,0,87
41,55,1.0,0,86
41,56,1.0,0,85
41,57,1.0,0,84
41,58,1.0,0,83
41,59,1.0,0,82
41,60,1.0,0,81
41,61,1.0,0,80
41,62,1.0,0,79
41,63,1.0,0,78
41,64,1.0,0,77
41,65,1.0,0,76
41,66,1.0,0,75
41,67,1.0,0,74
41,68,1.0,0,73
41,69,1.0,0,72
41,70,1.0,0,71
41,71,1.0,0,70
41,72,1.0,0,69
41,73,1.0,0,68
41,74,1.0,0,67
41,75,1.0,0,66
41,76,1.0,0,65
41,77,1.0,0,64
41,78,1.0,0,63
41,79,1.0,0,62
41,80,1.0,0,61
41,81,1.0,0,60
41,82,1.0,0,59
41,83,1.0,0,58
41,84,1.0,0,57
41,85,1.0,0,56
41,86,1.0,0,55
41,87,1.0,0,54
41,88,1.0,0,53
41,89,1.0,0,52
41,90,1.0,0,51
41,91,1.0,0,50
41,92,1.0,0,49
41,93,1.0,0,48
41,94,1.0,0,47
41,95,1.0,0,46
41,96,1.0,0,45
41,97,1.0,0,44
41,98,1.0,0,43
41,99,1.0,0,42
41,100,1.0,0,41
41,101,1.0,0,40
41,102,1.0,0,39
41,103,1.0,0,38
41,104,1.0,0,37
41,105,1.0,0,36
41,106,1.0,0,35
41,107,1.0,0,34
41,108,1.0,0,33
41,109,1.0,0,32
41,110,1.0,0,31
41,111,1.0,0,30
41,112,1.0,0,29
41,113,1.0,0,28
41,114,1.0,0,27
41,115,1.0,0,26
41,116,1.0,0,25
41,117,1.0,0,24
41,118,1.0,0,23
41,119,1.0,1,22
41,120,1.0,1,21
41,121,1.0,1,20
41,122,1.0,1,19
41,123,1.0,1,18
42,1,1.0,0,130
42,2,1.0,0,130
42,3,1.0,0,130
42,4,1.0,0,130
42,5,1.0,0,130
42,6,1.0,0,130
42,7,1.0,0,130
42,8,1.0,0,130
42,9,1.0,0,130
42,10,1.0,0,130
42,11,1.0,0,130
42,12,1.0,0,130
42,13,1.0,0,130
42,14,1.0,0,130
42,15,1.0,0,130
42,16,1.0,0,130
42,17,1.0,0,130
42,18,1.0,0,130
42,19,1.0,0,130
42,20,1.0,0,130
42,21,1.0,0,130
42,22,1.0,0,130
42,23,1.0,0,130
42,24,1.0,0,130
42,25,1.0,0,130
42,26,1.0,0,130
42,27,1.0,0,130
42,28,1.0,0,130
42,29,1.0,0,130
42,30,1.0,0,130
42,31,1.0,0,130
42,32,1.0,0,130
42,33,1.0,0,130
42,34,1.0,0,130
42,35,1.0,0,130
42,36,1.0,0,130
42,37,1.0,0,129
42,38,1.0,0,128
42,39,1.0,0,127
42,40,1.0,0,126
42,41,1.0,0,125
42,42,1.0,0,124
42,43,1.0,0,123
42,44,1.0,0,122
42,45,1.0,0,121
42,46,1.0,0,120
42,47,1.0,0,119
42,48,1.0,0,118
42,49,1.0,0,117
42,50,1.0,0,116
42,51,1.0,0,115
42,52,1.0,0,114
42,53,1.0,0,113
42,54,1.0,0,112
42,55,1.0,0,111
42,56,1.0,0,110
42,57,1.0,0,109
42,58,1.0,0,108
42,59,1.0,0,107
42,60,1.0,0,106
42,61,1.0,0,105
42,62,1.0,0,104
42,63,1.0,0,103
42,64,1.0,0,102
42,65,1.0,0,101
42,66,1.0,0,100
42,67,1.0,0,99
42,68,1.0,0,98
42,69,1.0,0,97
42,70,1.0,0,96
42,71,1.0,0,95
42,72,1.0,0,94
42,73,1.0,0,93
42,74,1.0,0,92
42,75,1.0,0,91
42,76,1.0,0,90
42,77,1.0,0,89
42,78,1.0,0,88
42,79,1.0,0,87
42,80,1.0,0,86
42,81,1.0,0,85
42,82,1.0,0,84
42,83,1.0,0,83
42,84,1.0,0,82
42,85,1.0,0,81
42,86,1.0,0,80
42,87,1.0,0,79
42,88,1.0,0,78
42,89,1.0,0,77
42,90,1.0,0,76
42,91,1.0,0,75
42,92,1.0,0,74
42,93,1.0,0,73
42,94,1.0,0,72
42,95,1.0,0,71
42,96,1.0,0,70
42,97,1.0,0,69
42,98,1.0,0,68
42,99,1.0,0,67
42,100,1.0,0,66
42,101,1.0,0,65
42,102,1.0,0,64
42,103,1.0,0,63
42,104,1.0,0,62
42,105,1.0,0,61
42,106,1.0,0,60
42,107,1.0,0,59
42,108,1.0,0,58
42,109,1.0,0,57
42,110,1.0,0,56
42,111,1.0,0,55
42,112,1.0,0,54
42,113,1.0,0,53
42,114,1.0,0,52
42,115,1.0,0,51
42,116,1.0,0,50
42,117,1.0,0,49
42,118,1.0,0,48
42,119,1.0,0,47
42,120,1.0,0,46
42,121,1.0,0,45
42,122,1.0,0,44
42,123,1.0,0,43
42,124,1.0,0,42
42,125,1.0,0,41
42,126,1.0,0,40
42,127,1.0,0,39
42,128,1.0,0,38
42,129,1.0,0,37
42,130,1.0,0,36
42,131,1.0,0,35
42,132,1.0,0,34
42,133,1.0,0,33
42,134,1.0,0,32
42,135,1.0,0,31
42,136,1.0,0,30
42,137,1.0,0,29
42,138,1.0,0,28
42,139,1.0,1,27
42,140,1.0,1,26
42,141,1.0,1,25
42,142,1.0,0,24
42,143,1.0,0,23
42,144,1.0,2,22
42,145,1.0,1,21
42,146,1.0,2,20
42,147,1.0,1,19
42,148,1.0,2,18
42,149,1.0,2,17
42,150,1.0,2,16
42,151,1.0,2,15
42,152,1.0,2,14
42,153,1.0,2,13
42,154,1.0,2,12
42,155,1.0,2,11
42,156,1.0,2,10
43,1,1.0,0,130
43,2,1.0,0,130
43,3,1.0,0,130
43,4,1.0,0,130
43,5,1.0,0,130
43,6,1.0,0,130
43,7,1.0,0,130
43,8,1.0,0,130
43,9,1.0,0,130
43,10,1.0,0,130
43,11,1.0,0,130
43,12,1.0,0,130
43,13,1.0,0,130
43,14,1.0,0,130
43,15,1.0,0,130
43,16,1.0,0,130
43,17,1.0,0,130
43,18,1.0,0,130
43,19,1.0,0,130
43,20,1.0,0,130
43,21,1.0,0,130
43,22,1.0,0,130
43,23,1.0,0,130
43,24,1.0,0,130
43,25,1.0,0,130
43,26,1.0,0,130
43,27,1.0,0,130
43,28,1.0,0,130
43,29,1.0,0,130
43,30,1.0,0,130
43,31,1.0,0,130
43,32,1.0,0,130
43,33,1.0,0,130
43,34,1.0,0,130
43,35,1.0,0,130
43,36,1.0,0,130
43,37,1.0,0,130
43,38,1.0,0,130
43,39,1.0,0,130
43,40,1.0,0,130
43,41,1.0,0,130
43,42,1.0,0,130
43,43,1.0,0,130
43,44,1.0,0,130
43,45,1.0,0,130
43,46,1.0,0,130
43,47,1.0,0,130
43,48,1.0,0,130
43,49,1.0,0,130
43,50,1.0,0,130
43,51,1.0,0,130
43,52,1.0,0,130
43,53,1.0,0,130
43,54,1.0,0,130
43,55,1.0,0,130
43,56,1.0,0,130
43,57,1.0,0,130
43,58,1.0,0,130
43,59,1.0,0,130
43,60,1.0,0,130
43,61,1.0,0,130
43,62,1.0,0,130
43,63,1.0,0,130
43,64,1.0,0,130
43,65,1.0,0,130
43,66,1.0,0,130
43,67,1.0,0,130
43,68,1.0,0,130
43,69,1.0,0,130
43,70,1.0,0,130
43,71,1.0,0,130
43,72,1.0,0,130
43,73,1.0,0,130
43,74,1.0,0,130
43,75,1.0,0,130
43,76,1.0,0,130
43,77,1.0,0,130
43,78,1.0,0,130
43,79,1.0,0,130
43,80,1.0,0,130
43,81,1.0,0,130
43,82,1.0,0,130
43,83,1.0,0,130
43,84,1.0,0,130
43,85,1.0,0,130
43,86,1.0,0,130
43,87,1.0,0,130
43,88,1.0,0,130
43,89,1.0,0,130
43,90,1.0,0,130
43,91,1.0,0,130
43,92,1.0,0,130
43,93,1.0,0,130
43,94,1.0,0,130
43,95,1.0,0,130
43,96,1.0,0,130
43,97,1.0,0,130
43,98,1.0,0,130
43,99,1.0,0,130
43,100,1.0,0,130
43,101,1.0,0,130
43,102,1.0,0,129
43,103,1.0,0,128
43,104,1.0,0,127
43,105,1.0,0,126
43,106,1.0,0,125
43,107,1.0,0,124
43,108,1.0,0,123
43,109,1.0,0,122
43,110,1.0,0,121
43,111,1.0,0,120
43,112,1.0,0,119
43,113,1.0,0,118
43,114,1.0,0,117
43,115,1.0,0,116
43,116,1.0,0,115
43,117,1.0,0,114
43,118,1.0,0,113
43,119,1.0,0,112
43,120,1.0,0,111
43,121,1.0,0,110
43,122,1.0,0,109
43,123,1.0,0,108
43,124,1.0,0,107
43,125,1.0,0,106
43,126,1.0,0,105
43,127,1.0,0,104
43,128,1.0,0,103
43,129,1.0,0,102
43,130,1.0,0,101
43,131,1.0,0,100
43,132,1.0,0,99
43,133,1.0,0,98
43,134,1.0,1,97
43,135,1.0,1,96
43,136,1.0,1,95
43,137,1.0,0,94
43,138,1.0,0,93
43,139,1.0,0,92
43,140,1.0,0,91
43,141,1.0,0,90
43,142,1.0,0,89
43,143,1.0,0,88
43,144,1.0,0,87
43,145,1.0,0,86
43,146,1.0,0,85
43,147,1.0,0,84
43,148,1.0,0,83
43,149,1.0,0,82
43,150,1.0,0,81
43,151,1.0,0,80
43,152,1.0,0,79
43,153,1.0,0,78
43,154,1.0,0,77
43,155,1.0,0,76
43,156,1.0,0,75
43,157,1.0,0,74
43,158,1.0,0,73
43,159,1.0,0,72
43,160,1.0,0,71
43,161,1.0,0,70
43,162,1.0,0,69
43,163,1.0,0,68
43,164,1.0,0,67
43,165,1.0,0,66
43,166,1.0,0,65
43,167,1.0,0,64
43,168,1.0,0,63
43,169,1.0,0,62
43,170,1.0,0,61
43,171,1.0,0,60
43,172,1.0,1,59
44,1,1.0,0,130
44,2,1.0,0,130
44,3,1.0,0,130
44,4,1.0,0,130
44,5,1.0,0,130
44,6,1.0,0,130
44,7,1.0,0,130
44,8,1.0,0,130
44,9,1.0,0,130
44,10,1.0,0,130
44,11,1.0,0,130
44,12,1.0,0,130
44,13,1.0,0,130
44,14,1.0,0,130
44,15,1.0,0,130
44,16,1.0,0,130
44,17,1.0,0,130
44,18,1.0,0,130
44,19,1.0,0,130
44,20,1.0,0,130
44,21,1.0,0,130
44,22,1.0,0,130
44,23,1.0,0,130
44,24,1.0,0,130
44,25,1.0,0,130
44,26,1.0,0,130
44,27,1.0,0,130
44,28,1.0,0,130
44,29,1.0,0,130
44,30,1.0,0,130
44,31,1.0,0,130
44,32,1.0,0,130
44,33,1.0,0,130
44,34,1.0,0,129
44,35,1.0,0,128
44,36,1.0,0,127
44,37,1.0,0,126
44,38,1.0,0,125
44,39,1.0,0,124
44,40,1.0,0,123
44,41,1.0,0,122
44,42,1.0,0,121
44,43,1.0,0,120
44,44,1.0,0,119
44,45,1.0,0,118
44,46,1.0,0,117
44,47,1.0,0,116
44,48,1.0,0,115
44,49,1.0,0,114
44,50,1.0,0,113
44,51,1.0,0,112
44,52,1.0,0,111
44,53,1.0,0,110
44,54,1.0,0,109
45,1,1.0,0,130
45,2,1.0,0,130
45,3,1.0,0,130
45,4,1.0,0,130
45,5,1.0,0,130
45,6,1.0,0,130
45,7,1.0,0,130
45,8,1.0,0,130
45,9,1.0,0,130
45,10,1.0,0,130
45,11,1.0,0,130
45,12,1.0,0,130
45,13,1.0,0,130
45,14,1.0,0,130
45,15,1.0,0,130
45,16,1.0,0,130
45,17,1.0,0,130
45,18,1.0,0,130
45,19,1.0,0,130
45,20,1.0,0,130
45,21,1.0,0,130
45,22,1.0,0,130
45,23,1.0,0,130
45,24,1.0,0,130
45,25,1.0,0,130
45,26,1.0,0,130
45,27,1.0,0,130
45,28,1.0,1,130
45,29,1.0,0,130
45,30,1.0,0,130
45,31,1.0,0,130
45,32,1.0,0,130
45,33,1.0,0,130
45,34,1.0,0,130
45,35,1.0,0,130
45,36,1.0,0,130
45,37,1.0,0,130
45,38,1.0,1,130
45,39,1.0,0,130
45,40,1.0,0,130
45,41,1.0,1,130
45,42,1.0,0,130
45,43,1.0,0,130
45,44,1.0,0,130
45,45,1.0,0,130
45,46,1.0,0,130
45,47,1.0,0,130
45,48,1.0,0,130
45,49,1.0,0,130
45,50,1.0,0,130
45,51,1.0,0,130
45,52,1.0,0,130
45,53,1.0,0,130
45,54,1.0,0,130
45,55,1.0,0,130
45,56,1.0,0,130
45,57,1.0,0,130
45,58,1.0,0,130
45,59,1.0,0,130
45,60,1.0,0,130
45,61,1.0,0,130
45,62,1.0,0,130
45,63,1.0,0,130
45,64,1.0,0,130
45,65,1.0,0,130
45,66,1.0,0,130
45,67,1.0,0,130
45,68,1.0,0,130
45,69,1.0,0,130
45,70,1.0,0,130
45,71,1.0,0,130
45,72,1.0,0,130
45,73,1.0,0,130
45,74,1.0,0,130
45,75,1.0,0,130
45,76,1.0,0,130
45,77,1.0,0,130
45,78,1.0,0,130
45,79,1.0,0,130
45,80,1.0,0,130
45,81,1.0,0,130
45,82,1.0,0,130
45,83,1.0,0,130
45,84,1.0,0,130
45,85,1.0,0,130
45,86,1.0,0,130
45,87,1.0,0,130
45,88,1.0,0,130
45,89,1.0,0,130
45,90,1.0,0,130
45,91,1.0,0,130
45,92,1.0,0,130
45,93,1.0,0,130
45,94,1.0,0,130
45,95,1.0,0,130
45,96,1.0,0,130
45,97,1.0,0,130
45,98,1.0,0,130
45,99,1.0,0,130
45,100,1.0,0,130
45,101,1.0,0,130
45,102,1.0,0,130
45,103,1.0,0,130
45,104,1.0,0,130
45,105,1.0,0,130
45,106,1.0,0,130
45,107,1.0,0,130
45,108,1.0,0,130
45,109,1.0,0,130
45,110,1.0,0,130
45,111,1.0,0,130
45,112,1.0,0,130
45,113,1.0,0,130
45,114,1.0,0,130
45,115,1.0,0,130
45,116,1.0,0,130
45,117,1.0,0,130
45,118,1.0,0,130
45,119,1.0,0,130
45,120,1.0,0,130
45,121,1.0,0,130
45,122,1.0,0,130
45,123,1.0,0,130
45,124,1.0,0,130
45,125,1.0,0,130
45,126,1.0,0,130
45,127,1.0,1,130
45,128,1.0,1,130
45,129,1.0,1,130
45,130,1.0,0,130
45,131,1.0,1,130
45,132,1.0,1,130
45,133,1.0,1,130
45,134,1.0,0,130
45,135,1.0,0,130
45,136,1.0,1,130
45,137,1.0,0,129
45,138,1.0,1,128
45,139,1.0,0,127
45,140,1.0,0,126
45,141,1.0,0,125
45,142,1.0,0,124
45,143,1.0,0,123
45,144,1.0,0,122
45,145,1.0,0,121
45,146,1.0,0,120
45,147,1.0,1,119
45,148,1.0,0,118
45,149,1.0,1,117
45,150,1.0,1,116
45,151,1.0,1,115
45,152,1.0,1,114
46,1,1.0,0,130
46,2,1.0,0,130
46,3,1.0,0,130
46,4,1.0,0,130
46,5,1.0,0,130
46,6,1.0,0,130
46,7,1.0,0,130
46,8,1.0,0,130
46,9,1.0,0,130
46,10,1.0,0,130
46,11,1.0,0,130
46,12,1.0,0,130
46,13,1.0,0,130
46,14,1.0,0,130
46,15,1.0,0,130
46,16,1.0,0,130
46,17,1.0,0,130
46,18,1.0,0,130
46,19,1.0,0,130
46,20,1.0,0,130
46,21,1.0,0,130
46,22,1.0,0,130
46,23,1.0,0,130
46,24,1.0,0,130
46,25,1.0,0,130
46,26,1.0,0,130
46,27,1.0,0,130
46,28,1.0,0,130
46,29,1.0,0,130
46,30,1.0,0,130
46,31,1.0,0,130
46,32,1.0,0,130
46,33,1.0,0,130
46,34,1.0,0,130
46,35,1.0,0,130
46,36,1.0,0,130
46,37,1.0,0,130
46,38,1.0,0,130
46,39,1.0,0,130
46,40,1.0,0,130
46,41,1.0,0,130
46,42,1.0,0,130
46,43,1.0,0,130
46,44,1.0,0,130
46,45,1.0,0,130
46,46,1.0,0,130
46,47,1.0,0,130
46,48,1.0,0,130
46,49,1.0,0,130
46,50,1.0,0,130
46,51,1.0,0,130
46,52,1.0,0,130
46,53,1.0,0,130
46,54,1.0,1,130
46,55,1.0,0,130
46,56,1.0,1,130
46,57,1.0,1,130
46,58,1.0,1,130
46,59,1.0,1,130
46,60,1.0,1,130
46,61,1.0,1,130
46,62,1.0,1,130
46,63,1.0,1,130
46,64,1.0,0,129
46,65,1.0,1,128
46,66,1.0,1,127
46,67,1.0,1,126
46,68,1.0,1,125
46,69,1.0,1,124
46,70,1.0,1,123
46,71,1.0,1,122
46,72,1.0,1,121
46,73,1.0,1,120
46,74,1.0,0,119
46,75,1.0,0,118
46,76,1.0,0,117
46,77,1.0,0,116
46,78,1.0,0,115
46,79,1.0,0,114
46,80,1.0,0,113
46,81,1.0,1,112
46,82,1.0,1,111
46,83,1.0,0,110
46,84,1.0,0,109
46,85,1.0,0,108
46,86,1.0,0,107
46,87,1.0,0,106
46,88,1.0,0,105
46,89,1.0,1,104
46,90,1.0,1,103
46,91,1.0,1,102
46,92,1.0,1,101
46,93,1.0,1,100
46,94,1.0,1,99
46,95,1.0,1,98
46,96,1.0,1,97
46,97,1.0,1,96
46,98,1.0,1,95
46,99,1.0,1,94
46,100,1.0,1,93
46,101,1.0,1,92
46,102,1.0,1,91
46,103,1.0,1,90
46,104,1.0,1,89
46,105,1.0,1,88
46,106,1.0,1,87
46,107,1.0,1,86
46,108,1.0,1,85
46,109,1.0,1,84
46,110,1.0,1,83
46,111,1.0,1,82
46,112,1.0,1,81
46,113,1.0,1,80
46,114,1.0,1,79
46,115,1.0,1,78
46,116,1.0,1,77
46,117,1.0,1,76
46,118,1.0,1,75
46,119,1.0,1,74
46,120,1.0,1,73
46,121,1.0,1,72
46,122,1.0,1,71
46,123,1.0,1,70
46,124,1.0,1,69
46,125,1.0,1,68
46,126,1.0,1,67
46,127,1.0,1,66
46,128,1.0,1,65
46,129,1.0,1,64
46,130,1.0,1,63
46,131,1.0,1,62
46,132,1.0,1,61
46,133,1.0,1,60
46,134,1.0,1,59
46,135,1.0,1,58
46,136,1.0,1,57
46,137,1.0,1,56
46,138,1.0,1,55
46,139,1.0,1,54
46,140,1.0,1,53
46,141,1.0,1,52
46,142,1.0,1,51
46,143,1.0,1,50
46,144,1.0,1,49
46,145,1.0,1,48
46,146,1.0,1,47
47,1,1.0,0,130
47,2,1.0,0,130
47,3,1.0,0,130
47,4,1.0,0,130
47,5,1.0,0,130
47,6,1.0,0,130
47,7,1.0,0,130
47,8,1.0,0,130
47,9,1.0,0,130
47,10,1.0,0,130
47,11,1.0,0,130
47,12,1.0,0,130
47,13,1.0,0,130
47,14,1.0,0,130
47,15,1.0,0,130
47,16,1.0,0,130
47,17,1.0,0,130
47,18,1.0,0,130
47,19,1.0,0,130
47,20,1.0,0,130
47,21,1.0,0,130
47,22,1.0,0,130
47,23,1.0,0,130
47,24,1.0,0,130
47,25,1.0,0,130
47,26,1.0,0,130
47,27,1.0,0,130
47,28,1.0,0,130
47,29,1.0,0,130
47,30,1.0,0,130
47,31,1.0,0,130
47,32,1.0,0,130
47,33,1.0,0,130
47,34,1.0,0,130
47,35,1.0,0,130
47,36,1.0,0,130
47,37,1.0,0,130
47,38,1.0,0,130
47,39,1.0,0,130
47,40,1.0,0,130
47,41,1.0,0,130
47,42,1.0,0,130
47,43,1.0,0,130
47,44,1.0,0,130
47,45,1.0,0,130
47,46,1.0,0,130
47,47,1.0,0,130
47,48,1.0,0,130
47,49,1.0,0,130
47,50,1.0,0,130
47,51,1.0,0,130
47,52,1.0,0,130
47,53,1.0,0,130
47,54,1.0,0,130
47,55,1.0,0,130
47,56,1.0,0,130
47,57,1.0,0,130
47,58,1.0,0,130
47,59,1.0,0,130
47,60,1.0,0,130
47,61,1.0,0,130
47,62,1.0,0,130
47,63,1.0,0,130
47,64,1.0,0,130
47,65,1.0,0,130
47,66,1.0,0,130
47,67,1.0,0,130
47,68,1.0,0,130
47,69,1.0,0,130
47,70,1.0,0,130
47,71,1.0,0,130
47,72,1.0,0,130
47,73,1.0,0,130
48,1,1.0,0,130
48,2,1.0,0,130
48,3,1.0,0,130
48,4,1.0,0,130
48,5,1.0,0,130
48,6,1.0,0,130
48,7,1.0,0,130
48,8,1.0,0,130
48,9,1.0,0,130
48,10,1.0,0,130
48,11,1.0,0,130
48,12,1.0,0,130
48,13,1.0,0,130
48,14,1.0,0,130
48,15,1.0,0,130
48,16,1.0,0,130
48,17,1.0,0,130
48,18,1.0,0,130
48,19,1.0,0,130
48,20,1.0,0,130
48,21,1.0,0,130
48,22,1.0,0,130
48,23,1.0,0,130
48,24,1.0,0,130
48,25,1.0,0,130
48,26,1.0,1,130
48,27,1.0,0,130
48,28,1.0,0,130
48,29,1.0,0,130
48,30,1.0,0,130
48,31,1.0,0,130
48,32,1.0,0,130
48,33,1.0,0,130
48,34,1.0,0,130
48,35,1.0,0,130
48,36,1.0,0,130
48,37,1.0,0,130
48,38,1.0,0,130
48,39,1.0,0,130
48,40,1.0,0,130
48,41,1.0,0,129
48,42,1.0,0,128
48,43,1.0,0,127
48,44,1.0,0,126
48,45,1.0,0,125
48,46,1.0,0,124
48,47,1.0,0,123
48,48,1.0,0,122
48,49,1.0,0,121
48,50,1.0,0,120
48,51,1.0,0,119
48,52,1.0,0,118
48,53,1.0,0,117
48,54,1.0,0,116
48,55,1.0,0,115
48,56,1.0,0,114
48,57,1.0,0,113
48,58,1.0,0,112
48,59,1.0,0,111
48,60,1.0,0,110
48,61,1.0,0,109
48,62,1.0,0,108
48,63,1.0,0,107
48,64,1.0,0,106
48,65,1.0,0,105
48,66,1.0,0,104
48,67,1.0,0,103
48,68,1.0,0,102
48,69,1.0,0,101
48,70,1.0,0,100
48,71,1.0,0,99
48,72,1.0,0,98
48,73,1.0,0,97
48,74,1.0,0,96
48,75,1.0,0,95
48,76,1.0,0,94
48,77,1.0,0,93
48,78,1.0,0,92
49,1,1.0,0,130
49,2,1.0,0,130
49,3,1.0,0,130
49,4,1.0,0,130
49,5,1.0,0,130
49,6,1.0,0,130
49,7,1.0,0,130
49,8,1.0,0,130
49,9,1.0,0,130
49,10,1.0,0,130
49,11,1.0,0,130
49,12,1.0,0,130
49,13,1.0,0,130
49,14,1.0,0,130
49,15,1.0,0,130
49,16,1.0,0,130
49,17,1.0,0,130
49,18,1.0,0,130
49,19,1.0,0,130
49,20,1.0,0,130
49,21,1.0,0,130
49,22,1.0,0,130
49,23,1.0,0,130
49,24,1.0,0,130
49,25,1.0,0,130
49,26,1.0,0,130
49,27,1.0,0,130
49,28,1.0,0,130
49,29,1.0,0,130
49,30,1.0,0,130
49,31,1.0,0,130
49,32,1.0,0,130
49,33,1.0,0,130
49,34,1.0,0,130
49,35,1.0,0,130
49,36,1.0,0,130
49,37,1.0,0,130
49,38,1.0,0,130
49,39,1.0,0,130
49,40,1.0,0,130
49,41,1.0,0,130
49,42,1.0,0,130
49,43,1.0,0,130
49,44,1.0,0,130
49,45,1.0,0,130
49,46,1.0,0,130
49,47,1.0,0,130
49,48,1.0,0,130
49,49,1.0,0,130
49,50,1.0,0,130
49,51,1.0,0,130
49,52,1.0,0,130
49,53,1.0,0,130
49,54,1.0,0,130
49,55,1.0,0,130
49,56,1.0,0,130
49,57,1.0,0,130
49,58,1.0,0,130
49,59,1.0,0,130
49,60,1.0,0,130
49,61,1.0,0,130
49,62,1.0,0,130
49,63,1.0,0,130
49,64,1.0,0,130
49,65,1.0,0,130
49,66,1.0,0,130
49,67,1.0,0,130
49,68,1.0,0,130
49,69,1.0,0,130
49,70,1.0,0,130
49,71,1.0,0,130
49,72,1.0,0,130
49,73,1.0,0,130
49,74,1.0,0,130
49,75,1.0,0,130
49,76,1.0,0,130
49,77,1.0,0,130
49,78,1.0,0,130
49,79,1.0,0,130
49,80,1.0,0,130
49,81,1.0,0,130
49,82,1.0,0,130
49,83,1.0,0,130
49,84,1.0,0,130
49,85,1.0,0,130
49,86,1.0,0,130
49,87,1.0,0,130
49,88,1.0,0,130
49,89,1.0,0,130
49,90,1.0,0,130
49,91,1.0,0,130
49,92,1.0,0,130
49,93,1.0,0,130
49,94,1.0,0,130
49,95,1.0,0,130
49,96,1.0,0,130
49,97,1.0,0,130
49,98,1.0,0,130
49,99,1.0,0,130
49,100,1.0,0,130
49,101,1.0,0,130
49,102,1.0,0,130
49,103,1.0,0,130
49,104,1.0,0,130
49,105,1.0,0,130
49,106,1.0,0,130
49,107,1.0,0,130
49,108,1.0,0,130
49,109,1.0,0,130
49,110,1.0,0,130
49,111,1.0,0,130
49,112,1.0,0,130
49,113,1.0,0,130
49,114,1.0,0,130
49,115,1.0,0,130
49,116,1.0,0,130
49,117,1.0,0,130
49,118,1.0,0,130
49,119,1.0,0,130
49,120,1.0,0,130
49,121,1.0,0,130
49,122,1.0,0,130
49,123,1.0,0,130
49,124,1.0,0,130
49,125,1.0,0,130
49,126,1.0,0,130
49,127,1.0,0,130
49,128,1.0,0,130
49,129,1.0,0,130
49,130,1.0,0,130
49,131,1.0,0,130
49,132,1.0,0,130
49,133,1.0,0,130
49,134,1.0,0,130
49,135,1.0,0,130
49,136,1.0,0,130
49,137,1.0,0,130
49,138,1.0,0,130
49,139,1.0,0,130
49,140,1.0,0,130
49,141,1.0,0,130
49,142,1.0,0,130
49,143,1.0,0,130
49,144,1.0,0,130
49,145,1.0,0,130
49,146,1.0,0,130
49,147,1.0,0,130
49,148,1.0,0,130
49,149,1.0,0,130
49,150,1.0,0,130
49,151,1.0,0,130
49,152,1.0,0,130
49,153,1.0,0,130
49,154,1.0,0,130
49,155,1.0,0,130
49,156,1.0,0,130
49,157,1.0,0,130
49,158,1.0,0,130
49,159,1.0,0,130
49,160,1.0,0,130
49,161,1.0,0,130
49,162,1.0,0,130
49,163,1.0,0,130
49,164,1.0,0,130
49,165,1.0,0,130
49,166,1.0,0,130
49,167,1.0,0,130
49,168,1.0,0,130
49,169,1.0,0,130
49,170,1.0,0,130
49,171,1.0,0,130
49,172,1.0,0,130
49,173,1.0,0,130
49,174,1.0,0,130
49,175,1.0,0,130
49,176,1.0,0,130
49,177,1.0,0,130
49,178,1.0,0,130
49,179,1.0,0,130
49,180,1.0,0,130
49,181,1.0,0,130
49,182,1.0,0,130
49,183,1.0,0,130
49,184,1.0,0,130
49,185,1.0,0,130
49,186,1.0,0,130
49,187,1.0,0,130
49,188,1.0,0,130
49,189,1.0,0,130
49,190,1.0,0,130
49,191,1.0,0,130
49,192,1.0,0,130
49,193,1.0,0,130
49,194,1.0,0,130
49,195,1.0,0,129
49,196,1.0,0,128
49,197,1.0,0,127
49,198,1.0,0,126
49,199,1.0,0,125
49,200,1.0,0,124
49,201,1.0,0,123
49,202,1.0,0,122
49,203,1.0,0,121
49,204,1.0,0,120
49,205,1.0,0,119
49,206,1.0,0,118
49,207,1.0,0,117
49,208,1.0,0,116
49,209,1.0,0,115
49,210,1.0,0,114
49,211,1.0,0,113
49,212,1.0,0,112
49,213,1.0,0,111
49,214,1.0,0,110
49,215,1.0,0,109
49,216,1.0,0,108
49,217,1.0,0,107
49,218,1.0,0,106
49,219,1.0,0,105
49,220,1.0,0,104
49,221,1.0,0,103
49,222,1.0,0,102
49,223,1.0,0,101
49,224,1.0,0,100
49,225,1.0,0,99
49,226,1.0,0,98
49,227,1.0,0,97
49,228,1.0,0,96
49,229,1.0,0,95
49,230,1.0,0,94
49,231,1.0,0,93
49,232,1.0,0,92
49,233,1.0,0,91
49,234,1.0,0,90
49,235,1.0,0,89
49,236,1.0,0,88
49,237,1.0,1,87
49,238,1.0,0,86
49,239,1.0,0,85
49,240,1.0,0,84
49,241,1.0,0,83
49,242,1.0,0,82
49,243,1.0,0,81
49,244,1.0,0,80
49,245,1.0,0,79
49,246,1.0,0,78
49,247,1.0,0,77
49,248,1.0,0,76
49,249,1.0,0,75
49,250,1.0,0,74
49,251,1.0,0,73
49,252,1.0,0,72
49,253,1.0,0,71
49,254,1.0,0,70
49,255,1.0,0,69
49,256,1.0,0,68
49,257,1.0,0,67
49,258,1.0,0,66
49,259,1.0,0,65
49,260,1.0,0,64
49,261,1.0,0,63
49,262,1.0,0,62
49,263,1.0,0,61
49,264,1.0,0,60
49,265,1.0,0,59
49,266,1.0,0,58
49,267,1.0,0,57
49,268,1.0,0,56
49,269,1.0,1,55
49,270,1.0,1,54
49,271,1.0,1,53
49,272,1.0,1,52
49,273,1.0,1,51
49,274,1.0,1,50
49,275,1.0,1,49
49,276,1.0,1,48
49,277,1.0,1,47
49,278,1.0,1,46
49,279,1.0,1,45
49,280,1.0,2,44
49,281,1.0,2,43
49,282,1.0,2,42
49,283,1.0,1,41
49,284,1.0,1,40
49,285,1.0,1,39
49,286,1.0,1,38
49,287,1.0,2,37
49,288,1.0,2,36
49,289,1.0,2,35
49,290,1.0,2,34
49,291,1.0,2,33
49,292,1.0,1,32
49,293,1.0,2,31
49,294,1.0,2,30
49,295,1.0,2,29
49,296,1.0,2,28
49,297,1.0,2,27
49,298,1.0,2,26
49,299,1.0,2,25
49,300,1.0,2,24
49,301,,3,23
49,302,,2,22
49,303,,2,21
50,1,1.0,0,130
50,2,1.0,0,130
50,3,1.0,0,130
50,4,1.0,0,130
50,5,1.0,0,130
50,6,1.0,0,130
50,7,1.0,0,130
50,8,1.0,0,130
50,9,1.0,0,130
50,10,1.0,0,130
50,11,1.0,0,130
50,12,1.0,0,130
50,13,1.0,0,130
50,14,1.0,0,130
50,15,1.0,0,130
50,16,1.0,0,130
50,17,1.0,0,130
50,18,1.0,0,130
50,19,1.0,0,130
50,20,1.0,0,130
50,21,1.0,0,130
50,22,1.0,0,130
50,23,1.0,0,130
50,24,1.0,0,129
50,25,1.0,0,128
50,26,1.0,0,127
50,27,1.0,0,126
50,28,1.0,0,125
50,29,1.0,0,124
50,30,1.0,0,123
50,31,1.0,0,122
50,32,1.0,0,121
50,33,1.0,0,120
50,34,1.0,0,119
50,35,1.0,0,118
50,36,1.0,0,117
50,37,1.0,0,116
50,38,1.0,0,115
50,39,1.0,0,114
50,40,1.0,0,113
50,41,1.0,0,112
50,42,1.0,0,111
50,43,1.0,0,110
50,44,1.0,0,109
50,45,1.0,0,108
50,46,1.0,0,107
50,47,1.0,0,106
50,48,1.0,0,105
50,49,1.0,0,104
50,50,1.0,0,103
50,51,1.0,0,102
50,52,1.0,0,101
50,53,1.0,0,100
50,54,1.0,0,99
50,55,1.0,0,98
50,56,1.0,0,97
50,57,1.0,0,96
50,58,1.0,0,95
50,59,1.0,0,94
50,60,1.0,0,93
50,61,1.0,0,92
50,62,1.0,0,91
50,63,1.0,0,90
50,64,1.0,0,89
50,65,1.0,0,88
50,66,1.0,0,87
50,67,1.0,0,86
50,68,1.0,0,85
50,69,1.0,0,84
50,70,1.0,0,83
50,71,1.0,0,82
50,72,1.0,0,81
50,73,1.0,0,80
50,74,1.0,0,79
51,1,1.0,0,130
51,2,1.0,0,130
51,3,1.0,0,130
51,4,1.0,0,130
51,5,1.0,0,130
51,6,1.0,0,130
51,7,1.0,0,130
51,8,1.0,0,130
51,9,1.0,0,130
51,10,1.0,0,130
51,11,1.0,0,130
51,12,1.0,0,130
51,13,1.0,0,130
51,14,1.0,0,130
51,15,1.0,0,130
51,16,1.0,0,130
51,17,1.0,0,130
51,18,1.0,0,130
51,19,1.0,0,130
51,20,1.0,0,130
51,21,1.0,0,130
51,22,1.0,0,130
51,23,1.0,0,130
51,24,1.0,0,130
51,25,1.0,0,130
51,26,1.0,0,130
51,27,1.0,0,130
51,28,1.0,0,130
51,29,1.0,0,130
51,30,1.0,0,130
51,31,1.0,0,130
51,32,1.0,0,130
51,33,1.0,0,130
51,34,1.0,0,130
51,35,1.0,0,130
51,36,1.0,0,130
51,37,1.0,0,130
51,38,1.0,0,130
51,39,1.0,0,130
51,40,1.0,0,130
51,41,1.0,0,130
51,42,1.0,0,130
51,43,1.0,0,130
51,44,1.0,0,130
51,45,1.0,0,130
51,46,1.0,0,130
51,47,1.0,0,130
51,48,1.0,0,130
51,49,1.0,0,130
51,50,1.0,0,130
51,51,1.0,0,130
51,52,1.0,0,130
51,53,1.0,0,130
51,54,1.0,0,130
51,55,1.0,0,130
51,56,1.0,0,130
51,57,1.0,0,130
51,58,1.0,0,130
51,59,1.0,0,130
51,60,1.0,0,130
51,61,1.0,0,130
51,62,1.0,0,130
51,63,1.0,0,130
51,64,1.0,0,130
51,65,1.0,0,130
51,66,1.0,0,130
51,67,1.0,0,130
51,68,1.0,0,130
51,69,1.0,0,130
51,70,1.0,0,130
51,71,1.0,0,130
51,72,1.0,0,130
51,73,1.0,0,130
51,74,1.0,0,130
51,75,1.0,0,130
51,76,1.0,0,130
51,77,1.0,0,130
51,78,1.0,0,130
51,79,1.0,0,130
51,80,1.0,0,130
51,81,1.0,0,130
51,82,1.0,0,130
51,83,1.0,0,130
51,84,1.0,0,130
51,85,1.0,0,130
51,86,1.0,0,130
51,87,1.0,0,130
51,88,1.0,0,130
51,89,1.0,0,130
51,90,1.0,0,130
51,91,1.0,0,130
51,92,1.0,0,130
51,93,1.0,0,130
51,94,1.0,0,130
51,95,1.0,0,130
51,96,1.0,0,130
51,97,1.0,0,130
51,98,1.0,0,130
51,99,1.0,0,130
51,100,1.0,0,130
51,101,1.0,0,130
51,102,1.0,0,130
51,103,1.0,0,130
51,104,1.0,0,130
51,105,1.0,0,130
51,106,1.0,0,130
51,107,1.0,0,130
51,108,1.0,0,130
51,109,1.0,0,130
51,110,1.0,0,130
51,111,1.0,0,130
51,112,1.0,0,130
51,113,1.0,0,130
51,114,1.0,0,130
51,115,1.0,0,130
51,116,1.0,0,130
51,117,1.0,0,130
51,118,1.0,0,130
51,119,1.0,0,130
51,120,1.0,0,130
51,121,1.0,0,130
51,122,1.0,0,130
51,123,1.0,0,130
51,124,1.0,0,130
51,125,1.0,0,130
51,126,1.0,0,130
51,127,1.0,0,130
51,128,1.0,0,130
51,129,1.0,0,129
51,130,1.0,0,128
51,131,1.0,0,127
51,132,1.0,0,126
51,133,1.0,0,125
51,134,1.0,0,124
51,135,1.0,0,123
51,136,1.0,0,122
51,137,1.0,0,121
51,138,1.0,0,120
51,139,1.0,0,119
51,140,1.0,0,118
51,141,1.0,0,117
51,142,1.0,0,116
51,143,1.0,0,115
51,144,1.0,0,114
52,1,1.0,0,130
52,2,1.0,0,130
52,3,1.0,0,130
52,4,1.0,0,130
52,5,1.0,0,130
52,6,1.0,0,130
52,7,1.0,0,130
52,8,1.0,0,130
52,9,1.0,0,130
52,10,1.0,0,130
52,11,1.0,0,130
52,12,1.0,0,130
52,13,1.0,0,130
52,14,1.0,0,130
52,15,1.0,0,130
52,16,1.0,0,130
52,17,1.0,0,130
52,18,1.0,0,130
52,19,1.0,0,130
52,20,1.0,0,130
52,21,1.0,0,130
52,22,1.0,0,130
52,23,1.0,0,130
52,24,1.0,0,130
52,25,1.0,0,130
52,26,1.0,0,130
52,27,1.0,0,130
52,28,1.0,0,130
52,29,1.0,0,130
52,30,1.0,0,130
52,31,1.0,0,130
52,32,1.0,0,130
52,33,1.0,0,130
52,34,1.0,0,130
52,35,1.0,0,130
52,36,1.0,0,130
52,37,1.0,0,130
52,38,1.0,0,130
52,39,1.0,0,130
52,40,1.0,0,130
52,41,1.0,0,130
52,42,1.0,0,130
52,43,1.0,0,130
52,44,1.0,0,130
52,45,1.0,0,130
52,46,1.0,0,130
52,47,1.0,0,130
52,48,1.0,0,130
52,49,1.0,0,130
52,50,1.0,0,130
52,51,1.0,0,130
52,52,1.0,0,130
52,53,1.0,0,130
52,54,1.0,0,130
52,55,1.0,0,130
52,56,1.0,0,130
52,57,1.0,0,130
52,58,1.0,0,130
52,59,1.0,0,130
52,60,1.0,0,130
52,61,1.0,0,130
52,62,1.0,0,130
52,63,1.0,0,130
52,64,1.0,0,130
52,65,1.0,0,130
52,66,1.0,0,130
52,67,1.0,0,130
52,68,1.0,0,130
52,69,1.0,0,130
52,70,1.0,0,130
52,71,1.0,0,130
52,72,1.0,0,130
52,73,1.0,0,130
52,74,1.0,0,130
52,75,1.0,0,130
52,76,1.0,0,130
52,77,1.0,0,130
52,78,1.0,0,130
52,79,1.0,0,130
52,80,1.0,0,130
52,81,1.0,0,130
52,82,1.0,0,130
52,83,1.0,0,130
52,84,1.0,0,130
52,85,1.0,0,130
52,86,1.0,0,130
52,87,1.0,0,130
52,88,1.0,0,130
52,89,1.0,0,129
52,90,1.0,0,128
52,91,1.0,0,127
52,92,1.0,0,126
52,93,1.0,0,125
52,94,1.0,0,124
52,95,1.0,0,123
52,96,1.0,0,122
52,97,1.0,0,121
52,98,1.0,0,120
52,99,1.0,0,119
52,100,1.0,0,118
52,101,1.0,0,117
52,102,1.0,0,116
52,103,1.0,0,115
52,104,1.0,0,114
52,105,1.0,0,113
52,106,1.0,0,112
52,107,1.0,0,111
52,108,1.0,0,110
52,109,1.0,0,109
52,110,1.0,0,108
52,111,1.0,0,107
52,112,1.0,0,106
52,113,1.0,0,105
52,114,1.0,0,104
52,115,1.0,0,103
52,116,1.0,0,102
52,117,1.0,0,101
52,118,1.0,0,100
52,119,1.0,0,99
52,120,1.0,0,98
52,121,1.0,0,97
52,122,1.0,0,96
52,123,1.0,0,95
52,124,1.0,0,94
52,125,1.0,0,93
52,126,1.0,0,92
52,127,1.0,0,91
52,128,1.0,0,90
52,129,1.0,0,89
52,130,1.0,0,88
52,131,1.0,0,87
52,132,1.0,0,86
52,133,1.0,0,85
52,134,1.0,0,84
52,135,1.0,0,83
52,136,1.0,0,82
52,137,1.0,0,81
52,138,1.0,0,80
52,139,1.0,0,79
52,140,1.0,0,78
52,141,1.0,0,77
52,142,1.0,0,76
52,143,1.0,0,75
52,144,1.0,0,74
52,145,1.0,0,73
52,146,1.0,0,72
52,147,1.0,0,71
52,148,1.0,0,70
52,149,1.0,0,69
52,150,1.0,0,68
52,151,1.0,0,67
52,152,1.0,0,66
52,153,1.0,0,65
52,154,1.0,0,64
52,155,1.0,0,63
52,156,1.0,1,62
52,157,1.0,1,61
52,158,1.0,1,60
52,159,1.0,1,59
52,160,1.0,1,58
52,161,1.0,1,57
52,162,1.0,1,56
52,163,1.0,1,55
52,164,1.0,1,54
52,165,1.0,1,53
52,166,1.0,1,52
52,167,1.0,1,51
52,168,1.0,1,50
52,169,1.0,1,49
52,170,1.0,1,48
52,171,1.0,1,47
52,172,1.0,1,46
52,173,1.0,1,45
52,174,1.0,1,44
52,175,1.0,1,43
52,176,1.0,1,42
52,177,1.0,1,41
52,178,1.0,1,40
52,179,1.0,1,39
52,180,1.0,1,38
52,181,1.0,1,37
52,182,1.0,1,36
52,183,1.0,1,35
52,184,1.0,1,34
52,185,1.0,1,33
52,186,1.0,1,32
52,187,1.0,1,31
52,188,1.0,1,30
52,189,1.0,2,29
53,1,1.0,0,130
53,2,1.0,0,130
53,3,1.0,0,130
53,4,1.0,0,130
53,5,1.0,0,130
53,6,1.0,0,130
53,7,1.0,0,130
53,8,1.0,0,130
53,9,1.0,0,130
53,10,1.0,0,130
53,11,1.0,0,130
53,12,1.0,0,130
53,13,1.0,0,130
53,14,1.0,0,130
53,15,1.0,0,130
53,16,1.0,0,130
53,17,1.0,0,130
53,18,1.0,0,130
53,19,1.0,0,130
53,20,1.0,0,130
53,21,1.0,0,130
53,22,1.0,0,130
53,23,1.0,0,130
53,24,1.0,0,130
53,25,1.0,0,130
53,26,1.0,0,130
53,27,1.0,0,130
53,28,1.0,0,130
53,29,1.0,0,130
53,30,1.0,0,130
53,31,1.0,0,130
53,32,1.0,0,130
53,33,1.0,0,130
53,34,1.0,0,130
53,35,1.0,0,130
53,36,1.0,0,130
53,37,1.0,0,130
53,38,1.0,0,130
53,39,1.0,0,130
53,40,1.0,0,130
53,41,1.0,0,130
53,42,1.0,0,130
53,43,1.0,0,130
53,44,1.0,0,130
53,45,1.0,0,130
53,46,1.0,0,130
53,47,1.0,0,130
53,48,1.0,0,130
53,49,1.0,0,130
53,50,1.0,0,130
53,51,1.0,0,130
53,52,1.0,0,130
53,53,1.0,0,130
53,54,1.0,0,130
53,55,1.0,0,130
53,56,1.0,0,130
53,57,1.0,0,130
53,58,1.0,0,130
53,59,1.0,0,130
53,60,1.0,0,130
53,61,1.0,0,129
53,62,1.0,0,128
53,63,1.0,0,127
53,64,1.0,0,126
53,65,1.0,0,125
53,66,1.0,0,124
53,67,1.0,0,123
53,68,1.0,0,122
53,69,1.0,0,121
53,70,1.0,0,120
53,71,1.0,0,119
53,72,1.0,0,118
53,73,1.0,0,117
53,74,1.0,0,116
53,75,1.0,0,115
53,76,1.0,0,114
53,77,1.0,0,113
53,78,1.0,0,112
53,79,1.0,0,111
53,80,1.0,0,110
53,81,1.0,0,109
53,82,1.0,0,108
53,83,1.0,0,107
53,84,1.0,0,106
53,85,1.0,0,105
53,86,1.0,0,104
53,87,1.0,0,103
53,88,1.0,0,102
53,89,1.0,0,101
53,90,1.0,0,100
53,91,1.0,0,99
53,92,1.0,0,98
53,93,1.0,0,97
53,94,1.0,0,96
53,95,1.0,0,95
53,96,1.0,0,94
53,97,1.0,0,93
53,98,1.0,0,92
53,99,1.0,0,91
53,100,1.0,0,90
53,101,1.0,0,89
53,102,1.0,1,88
53,103,1.0,1,87
53,104,1.0,1,86
53,105,1.0,1,85
53,106,1.0,0,84
53,107,1.0,0,83
53,108,1.0,0,82
53,109,1.0,0,81
53,110,1.0,0,80
53,111,1.0,0,79
53,112,1.0,0,78
53,113,1.0,0,77
53,114,1.0,0,76
53,115,1.0,0,75
53,116,1.0,0,74
53,117,1.0,0,73
53,118,1.0,1,72
53,119,1.0,1,71
53,120,1.0,1,70
53,121,1.0,1,69
53,122,1.0,1,68
53,123,1.0,1,67
53,124,1.0,1,66
53,125,1.0,1,65
53,126,1.0,1,64
53,127,1.0,1,63
53,128,1.0,1,62
53,129,1.0,1,61
53,130,1.0,1,60
53,131,1.0,1,59
53,132,1.0,1,58
53,133,1.0,1,57
53,134,1.0,1,56
53,135,1.0,1,55
53,136,1.0,1,54
53,137,1.0,1,53
53,138,1.0,1,52
53,139,1.0,1,51
53,140,1.0,1,50
53,141,1.0,1,49
53,142,1.0,1,48
53,143,1.0,1,47
53,144,1.0,1,46
53,145,1.0,1,45
53,146,1.0,1,44
53,147,1.0,1,43
53,148,1.0,1,42
53,149,1.0,1,41
53,150,1.0,1,40
53,151,1.0,1,39
53,152,1.0,1,38
53,153,1.0,1,37
53,154,1.0,1,36
53,155,1.0,1,35
53,156,1.0,1,34
53,157,1.0,1,33
53,158,1.0,2,32
53,159,1.0,1,31
53,160,1.0,1,30
53,161,1.0,1,29
53,162,1.0,2,28
53,163,1.0,2,27
53,164,1.0,2,26
54,1,1.0,0,130
54,2,1.0,0,130
54,3,1.0,0,130
54,4,1.0,0,130
54,5,1.0,0,130
54,6,1.0,0,130
54,7,1.0,0,130
54,8,1.0,0,130
54,9,1.0,0,130
54,10,1.0,0,130
54,11,1.0,0,130
54,12,1.0,0,130
54,13,1.0,0,130
54,14,1.0,0,130
54,15,1.0,0,130
54,16,1.0,0,130
54,17,1.0,0,130
54,18,1.0,0,130
54,19,1.0,0,130
54,20,1.0,0,130
54,21,1.0,0,130
54,22,1.0,0,130
54,23,1.0,0,130
54,24,1.0,0,130
54,25,1.0,0,130
54,26,1.0,0,130
54,27,1.0,0,130
54,28,1.0,0,130
54,29,1.0,0,130
54,30,1.0,0,130
54,31,1.0,0,130
54,32,1.0,0,130
54,33,1.0,0,130
54,34,1.0,0,130
54,35,1.0,0,130
54,36,1.0,0,130
54,37,1.0,0,130
54,38,1.0,0,130
54,39,1.0,0,130
54,40,1.0,0,130
54,41,1.0,0,130
54,42,1.0,0,130
54,43,1.0,0,130
54,44,1.0,0,130
54,45,1.0,0,130
54,46,1.0,0,130
54,47,1.0,0,130
54,48,1.0,0,130
54,49,1.0,0,130
54,50,1.0,0,130
54,51,1.0,0,130
54,52,1.0,0,130
54,53,1.0,0,130
54,54,1.0,0,130
54,55,1.0,0,130
54,56,1.0,0,130
54,57,1.0,0,130
54,58,1.0,0,130
54,59,1.0,0,130
54,60,1.0,0,130
54,61,1.0,0,130
54,62,1.0,0,130
54,63,1.0,0,130
54,64,1.0,0,130
54,65,1.0,0,130
54,66,1.0,0,130
54,67,1.0,0,130
54,68,1.0,0,130
54,69,1.0,0,130
54,70,1.0,0,130
54,71,1.0,0,130
54,72,1.0,0,130
54,73,1.0,0,130
54,74,1.0,0,130
54,75,1.0,0,130
54,76,1.0,0,130
54,77,1.0,0,130
54,78,1.0,0,130
54,79,1.0,0,130
54,80,1.0,0,130
54,81,1.0,0,130
54,82,1.0,0,130
54,83,1.0,0,130
54,84,1.0,0,130
54,85,1.0,0,130
54,86,1.0,0,130
54,87,1.0,0,130
54,88,1.0,0,130
54,89,1.0,0,129
54,90,1.0,0,128
54,91,1.0,0,127
54,92,1.0,0,126
54,93,1.0,0,125
54,94,1.0,0,124
54,95,1.0,0,123
54,96,1.0,0,122
54,97,1.0,0,121
54,98,1.0,0,120
54,99,1.0,0,119
54,100,1.0,0,118
54,101,1.0,0,117
54,102,1.0,0,116
54,103,1.0,0,115
54,104,1.0,0,114
54,105,1.0,0,113
54,106,1.0,0,112
54,107,1.0,0,111
54,108,1.0,0,110
54,109,1.0,0,109
54,110,1.0,0,108
54,111,1.0,0,107
54,112,1.0,0,106
54,113,1.0,0,105
54,114,1.0,0,104
54,115,1.0,0,103
54,116,1.0,0,102
54,117,1.0,0,101
54,118,1.0,0,100
54,119,1.0,0,99
54,120,1.0,0,98
54,121,1.0,0,97
55,1,1.0,0,130
55,2,1.0,0,130
55,3,1.0,0,130
55,4,1.0,0,130
55,5,1.0,0,130
55,6,1.0,0,130
55,7,1.0,0,130
55,8,1.0,0,130
55,9,1.0,0,130
55,10,1.0,0,130
55,11,1.0,0,130
55,12,1.0,0,130
55,13,1.0,0,130
55,14,1.0,0,130
55,15,1.0,0,130
55,16,1.0,0,130
55,17,1.0,0,130
55,18,1.0,0,130
55,19,1.0,0,130
55,20,1.0,0,130
55,21,1.0,0,130
55,22,1.0,0,130
55,23,1.0,0,130
55,24,1.0,0,130
55,25,1.0,0,130
55,26,1.0,0,130
55,27,1.0,0,130
55,28,1.0,0,130
55,29,1.0,0,130
55,30,1.0,0,130
55,31,1.0,0,130
55,32,1.0,0,130
55,33,1.0,0,130
55,34,1.0,0,130
55,35,1.0,0,130
55,36,1.0,0,130
55,37,1.0,0,130
55,38,1.0,0,130
55,39,1.0,0,130
55,40,1.0,0,130
55,41,1.0,0,130
55,42,1.0,0,130
55,43,1.0,0,130
55,44,1.0,0,130
55,45,1.0,0,130
55,46,1.0,0,130
55,47,1.0,0,130
55,48,1.0,0,130
55,49,1.0,0,130
55,50,1.0,0,130
55,51,1.0,0,130
55,52,1.0,0,130
55,53,1.0,0,130
55,54,1.0,0,130
55,55,1.0,0,130
55,56,1.0,0,130
55,57,1.0,0,130
55,58,1.0,0,130
55,59,1.0,0,130
55,60,1.0,0,130
55,61,1.0,0,130
55,62,1.0,0,130
55,63,1.0,0,130
55,64,1.0,0,130
55,65,1.0,0,130
55,66,1.0,0,130
55,67,1.0,0,130
55,68,1.0,0,130
55,69,1.0,0,130
55,70,1.0,0,130
55,71,1.0,0,130
55,72,1.0,0,130
55,73,1.0,0,130
55,74,1.0,0,130
55,75,1.0,0,130
55,76,1.0,0,130
55,77,1.0,0,130
55,78,1.0,0,130
55,79,1.0,0,130
55,80,1.0,0,130
55,81,1.0,0,130
55,82,1.0,0,130
55,83,1.0,0,130
55,84,1.0,0,130
55,85,1.0,0,130
55,86,1.0,0,130
55,87,1.0,0,130
55,88,1.0,0,130
55,89,1.0,0,130
55,90,1.0,0,130
55,91,1.0,0,130
55,92,1.0,0,130
55,93,1.0,0,130
55,94,1.0,0,130
55,95,1.0,0,130
55,96,1.0,0,130
55,97,1.0,0,130
55,98,1.0,0,130
55,99,1.0,0,130
55,100,1.0,0,130
55,101,1.0,0,130
55,102,1.0,0,130
55,103,1.0,0,130
55,104,1.0,0,130
55,105,1.0,0,130
55,106,1.0,0,130
55,107,1.0,0,130
55,108,1.0,0,130
55,109,1.0,0,130
55,110,1.0,0,130
55,111,1.0,0,130
55,112,1.0,0,130
55,113,1.0,0,130
56,1,1.0,0,130
56,2,1.0,0,130
56,3,1.0,0,130
56,4,1.0,0,130
56,5,1.0,0,130
56,6,1.0,0,130
56,7,1.0,0,130
56,8,1.0,0,130
56,9,1.0,0,130
56,10,1.0,0,130
56,11,1.0,0,130
56,12,1.0,0,130
56,13,1.0,0,130
56,14,1.0,0,130
56,15,1.0,0,130
56,16,1.0,0,130
56,17,1.0,0,130
56,18,1.0,0,130
56,19,1.0,0,130
56,20,1.0,0,130
56,21,1.0,0,130
56,22,1.0,0,129
56,23,1.0,0,128
56,24,1.0,0,127
56,25,1.0,0,126
56,26,1.0,0,125
56,27,1.0,0,124
56,28,1.0,0,123
56,29,1.0,0,122
56,30,1.0,0,121
56,31,1.0,0,120
56,32,1.0,0,119
56,33,1.0,0,118
56,34,1.0,0,117
56,35,1.0,0,116
56,36,1.0,0,115
56,37,1.0,0,114
56,38,1.0,0,113
56,39,1.0,0,112
56,40,1.0,0,111
56,41,1.0,0,110
56,42,1.0,0,109
56,43,1.0,0,108
56,44,1.0,0,107
56,45,1.0,0,106
56,46,1.0,0,105
56,47,1.0,0,104
56,48,1.0,1,103
56,49,1.0,1,102
56,50,1.0,0,101
56,51,1.0,0,100
56,52,1.0,0,99
56,53,1.0,0,98
56,54,1.0,0,97
56,55,1.0,0,96
56,56,1.0,0,95
56,57,1.0,0,94
56,58,1.0,0,93
56,59,1.0,0,92
56,60,1.0,0,91
56,61,1.0,0,90
56,62,1.0,0,89
56,63,1.0,0,88
56,64,1.0,0,87
56,65,1.0,0,86
56,66,1.0,0,85
56,67,1.0,0,84
56,68,1.0,0,83
56,69,1.0,0,82
56,70,1.0,1,81
56,71,1.0,1,80
56,72,1.0,1,79
56,73,1.0,1,78
56,74,1.0,0,77
56,75,1.0,0,76
56,76,1.0,1,75
56,77,1.0,0,74
56,78,1.0,0,73
56,79,1.0,1,72
56,80,1.0,1,71
56,81,1.0,1,70
56,82,1.0,1,69
56,83,1.0,1,68
56,84,1.0,1,67
56,85,1.0,1,66
56,86,1.0,1,65
56,87,1.0,1,64
56,88,1.0,1,63
56,89,1.0,1,62
56,90,1.0,1,61
56,91,1.0,1,60
56,92,1.0,1,59
56,93,1.0,1,58
56,94,1.0,1,57
56,95,1.0,1,56
56,96,1.0,1,55
56,97,1.0,1,54
56,98,1.0,1,53
56,99,1.0,1,52
56,100,1.0,1,51
56,101,1.0,1,50
56,102,1.0,1,49
56,103,1.0,1,48
56,104,1.0,1,47
56,105,1.0,1,46
56,106,1.0,1,45
56,107,1.0,1,44
56,108,1.0,1,43
56,109,1.0,1,42
56,110,1.0,1,41
56,111,1.0,1,40
56,112,1.0,2,39
56,113,1.0,1,38
56,114,1.0,2,37
56,115,1.0,2,36
56,116,1.0,2,35
56,117,1.0,2,34
56,118,1.0,2,33
56,119,1.0,2,32
56,120,1.0,2,31
56,121,1.0,2,30
56,122,1.0,2,29
56,123,1.0,2,28
56,124,1.0,2,27
56,125,1.0,2,26
56,126,1.0,2,25
56,127,1.0,2,24
56,128,1.0,2,23
56,129,1.0,2,22
56,130,1.0,2,21
56,131,1.0,2,20
56,132,1.0,2,19
56,133,,3,18
56,134,,3,17
56,135,,2,16
56,136,,2,15
57,1,1.0,0,130
57,2,1.0,0,130
57,3,1.0,0,130
57,4,1.0,0,130
57,5,1.0,0,130
57,6,1.0,0,130
57,7,1.0,0,130
57,8,1.0,0,130
57,9,1.0,0,130
57,10,1.0,0,130
57,11,1.0,0,130
57,12,1.0,0,130
57,13,1.0,0,130
57,14,1.0,0,130
57,15,1.0,0,130
57,16,1.0,0,130
57,17,1.0,0,130
57,18,1.0,0,130
57,19,1.0,0,130
57,20,1.0,0,130
57,21,1.0,0,130
57,22,1.0,0,130
57,23,1.0,0,130
57,24,1.0,0,130
57,25,1.0,0,130
57,26,1.0,0,130
57,27,1.0,0,130
57,28,1.0,0,130
57,29,1.0,0,130
57,30,1.0,0,130
57,31,1.0,0,130
57,32,1.0,0,130
57,33,1.0,0,130
57,34,1.0,0,130
57,35,1.0,0,130
57,36,1.0,0,130
57,37,1.0,0,130
57,38,1.0,0,130
57,39,1.0,0,130
57,40,1.0,0,130
57,41,1.0,0,130
57,42,1.0,0,130
57,43,1.0,0,130
57,44,1.0,0,130
57,45,1.0,0,130
57,46,1.0,0,130
57,47,1.0,0,130
57,48,1.0,0,130
57,49,1.0,0,130
57,50,1.0,0,130
57,51,1.0,0,130
57,52,1.0,0,130
57,53,1.0,0,130
57,54,1.0,0,130
57,55,1.0,0,130
57,56,1.0,0,130
57,57,1.0,0,130
57,58,1.0,0,130
57,59,1.0,0,130
57,60,1.0,0,130
57,61,1.0,0,130
57,62,1.0,0,130
57,63,1.0,0,130
57,64,1.0,0,130
57,65,1.0,0,130
57,66,1.0,0,130
57,67,1.0,0,130
57,68,1.0,0,130
57,69,1.0,0,130
57,70,1.0,0,130
57,71,1.0,0,130
57,72,1.0,0,130
57,73,1.0,0,130
57,74,1.0,0,130
57,75,1.0,0,130
57,76,1.0,0,130
57,77,1.0,0,130
57,78,1.0,0,130
57,79,1.0,0,130
57,80,1.0,0,130
57,81,1.0,0,130
57,82,1.0,0,130
57,83,1.0,0,130
57,84,1.0,0,130
57,85,1.0,0,130
57,86,1.0,0,130
57,87,1.0,0,130
57,88,1.0,0,130
57,89,1.0,0,130
57,90,1.0,0,130
57,91,1.0,0,130
57,92,1.0,0,130
57,93,1.0,0,130
57,94,1.0,0,130
57,95,1.0,0,130
57,96,1.0,0,130
57,97,1.0,0,130
57,98,1.0,0,130
57,99,1.0,0,130
57,100,1.0,0,130
57,101,1.0,0,130
57,102,1.0,0,130
57,103,1.0,0,130
57,104,1.0,0,130
57,105,1.0,0,130
57,106,1.0,0,130
57,107,1.0,0,130
57,108,1.0,0,130
57,109,1.0,0,130
57,110,1.0,0,130
57,111,1.0,0,130
57,112,1.0,0,130
57,113,1.0,0,130
57,114,1.0,0,130
57,115,1.0,0,130
57,116,1.0,0,130
57,117,1.0,0,130
57,118,1.0,0,130
57,119,1.0,0,130
57,120,1.0,0,130
57,121,1.0,0,130
57,122,1.0,0,130
57,123,1.0,0,130
57,124,1.0,0,130
57,125,1.0,0,130
57,126,1.0,0,130
57,127,1.0,0,130
57,128,1.0,0,130
57,129,1.0,0,130
57,130,1.0,0,130
57,131,1.0,0,130
57,132,1.0,0,130
57,133,1.0,0,130
57,134,1.0,0,129
57,135,1.0,0,128
57,136,1.0,0,127
57,137,1.0,0,126
57,138,1.0,0,125
57,139,1.0,0,124
57,140,1.0,0,123
57,141,1.0,0,122
57,142,1.0,0,121
57,143,1.0,0,120
57,144,1.0,0,119
57,145,1.0,0,118
57,146,1.0,0,117
57,147,1.0,0,116
57,148,1.0,0,115
57,149,1.0,0,114
57,150,1.0,0,113
57,151,1.0,0,112
57,152,1.0,0,111
57,153,1.0,0,110
57,154,1.0,0,109
57,155,1.0,0,108
57,156,1.0,0,107
57,157,1.0,0,106
57,158,1.0,0,105
57,159,1.0,0,104
57,160,1.0,0,103
58,1,1.0,0,130
58,2,1.0,0,130
58,3,1.0,0,130
58,4,1.0,0,130
58,5,1.0,0,130
58,6,1.0,0,130
58,7,1.0,0,130
58,8,1.0,0,130
58,9,1.0,0,130
58,10,1.0,0,130
58,11,1.0,0,130
58,12,1.0,0,130
58,13,1.0,0,130
58,14,1.0,0,130
58,15,1.0,0,130
58,16,1.0,0,130
58,17,1.0,0,130
58,18,1.0,0,130
58,19,1.0,0,130
58,20,1.0,0,130
58,21,1.0,0,130
58,22,1.0,0,130
58,23,1.0,0,130
58,24,1.0,0,130
58,25,1.0,0,130
58,26,1.0,0,130
58,27,1.0,0,130
58,28,1.0,0,130
58,29,1.0,0,130
58,30,1.0,0,130
58,31,1.0,0,130
58,32,1.0,0,130
58,33,1.0,0,130
58,34,1.0,0,130
58,35,1.0,0,130
58,36,1.0,0,130
58,37,1.0,0,130
58,38,1.0,0,130
58,39,1.0,0,130
58,40,1.0,0,130
58,41,1.0,0,130
58,42,1.0,0,130
58,43,1.0,0,130
58,44,1.0,0,130
58,45,1.0,0,130
58,46,1.0,0,130
58,47,1.0,0,130
58,48,1.0,0,130
58,49,1.0,0,130
58,50,1.0,0,130
58,51,1.0,0,130
58,52,1.0,0,130
58,53,1.0,0,130
58,54,1.0,0,130
58,55,1.0,0,130
58,56,1.0,0,130
58,57,1.0,0,130
58,58,1.0,0,130
58,59,1.0,0,130
58,60,1.0,0,130
58,61,1.0,0,130
58,62,1.0,0,130
58,63,1.0,0,130
58,64,1.0,0,130
58,65,1.0,0,130
58,66,1.0,0,130
58,67,1.0,0,130
58,68,1.0,0,130
58,69,1.0,0,130
58,70,1.0,0,130
58,71,1.0,0,130
58,72,1.0,0,130
58,73,1.0,0,130
58,74,1.0,0,130
58,75,1.0,0,130
58,76,1.0,0,130
58,77,1.0,0,130
58,78,1.0,0,130
58,79,1.0,0,130
58,80,1.0,0,130
58,81,1.0,0,130
58,82,1.0,0,130
58,83,1.0,0,130
58,84,1.0,0,129
58,85,1.0,0,128
58,86,1.0,0,127
58,87,1.0,0,126
58,88,1.0,0,125
58,89,1.0,0,124
58,90,1.0,0,123
58,91,1.0,0,122
58,92,1.0,0,121
58,93,1.0,0,120
58,94,1.0,0,119
58,95,1.0,0,118
58,96,1.0,0,117
58,97,1.0,0,116
58,98,1.0,0,115
58,99,1.0,0,114
58,100,1.0,0,113
58,101,1.0,0,112
58,102,1.0,0,111
58,103,1.0,0,110
58,104,1.0,0,109
58,105,1.0,0,108
58,106,1.0,0,107
58,107,1.0,0,106
58,108,1.0,0,105
58,109,1.0,0,104
58,110,1.0,0,103
58,111,1.0,0,102
58,112,1.0,0,101
58,113,1.0,0,100
58,114,1.0,0,99
58,115,1.0,0,98
58,116,1.0,0,97
58,117,1.0,0,96
58,118,1.0,0,95
58,119,1.0,0,94
58,120,1.0,0,93
58,121,1.0,0,92
58,122,1.0,0,91
58,123,1.0,0,90
58,124,1.0,0,89
58,125,1.0,0,88
58,126,1.0,0,87
58,127,1.0,0,86
58,128,1.0,0,85
58,129,1.0,0,84
58,130,1.0,0,83
58,131,1.0,0,82
58,132,1.0,0,81
58,133,1.0,0,80
58,134,1.0,0,79
58,135,1.0,0,78
58,136,1.0,0,77
58,137,1.0,0,76
58,138,1.0,0,75
58,139,1.0,0,74
58,140,1.0,0,73
58,141,1.0,0,72
58,142,1.0,0,71
58,143,1.0,0,70
58,144,1.0,0,69
58,145,1.0,0,68
58,146,1.0,0,67
58,147,1.0,0,66
58,148,1.0,0,65
58,149,1.0,0,64
58,150,1.0,0,63
58,151,1.0,0,62
58,152,1.0,0,61
58,153,1.0,0,60
58,154,1.0,0,59
58,155,1.0,0,58
58,156,1.0,0,57
58,157,1.0,0,56
58,158,1.0,0,55
58,159,1.0,0,54
58,160,1.0,0,53
58,161,1.0,0,52
58,162,1.0,0,51
58,163,1.0,0,50
58,164,1.0,0,49
58,165,1.0,0,48
58,166,1.0,0,47
58,167,1.0,1,46
58,168,1.0,1,45
58,169,1.0,1,44
58,170,1.0,1,43
58,171,1.0,1,42
58,172,1.0,1,41
58,173,1.0,1,40
58,174,1.0,1,39
58,175,1.0,1,38
58,176,1.0,1,37
59,1,1.0,0,130
59,2,1.0,0,130
59,3,1.0,0,130
59,4,1.0,0,130
59,5,1.0,0,130
59,6,1.0,0,130
59,7,1.0,0,130
59,8,1.0,0,130
59,9,1.0,0,130
59,10,1.0,0,130
59,11,1.0,0,130
59,12,1.0,0,130
59,13,1.0,0,130
59,14,1.0,0,130
59,15,1.0,0,130
59,16,1.0,0,130
59,17,1.0,0,130
59,18,1.0,0,130
59,19,1.0,0,130
59,20,1.0,0,130
59,21,1.0,0,130
59,22,1.0,0,130
59,23,1.0,0,130
59,24,1.0,0,130
59,25,1.0,0,130
59,26,1.0,0,130
59,27,1.0,0,130
59,28,1.0,0,130
59,29,1.0,0,130
59,30,1.0,0,130
59,31,1.0,0,130
59,32,1.0,0,130
59,33,1.0,0,130
59,34,1.0,0,130
59,35,1.0,0,130
59,36,1.0,0,130
59,37,1.0,0,130
59,38,1.0,0,130
59,39,1.0,0,130
59,40,1.0,0,130
59,41,1.0,0,130
59,42,1.0,0,130
59,43,1.0,0,130
59,44,1.0,0,130
59,45,1.0,0,130
59,46,1.0,0,130
59,47,1.0,0,130
59,48,1.0,0,130
59,49,1.0,0,130
59,50,1.0,0,130
59,51,1.0,0,130
59,52,1.0,0,130
59,53,1.0,0,130
59,54,1.0,0,130
59,55,1.0,0,130
59,56,1.0,0,130
59,57,1.0,0,130
59,58,1.0,0,130
59,59,1.0,0,130
59,60,1.0,0,130
59,61,1.0,0,130
59,62,1.0,0,130
59,63,1.0,0,130
59,64,1.0,0,130
59,65,1.0,0,130
59,66,1.0,0,130
59,67,1.0,0,130
59,68,1.0,0,130
59,69,1.0,0,130
59,70,1.0,0,130
59,71,1.0,0,130
59,72,1.0,0,130
59,73,1.0,0,130
59,74,1.0,0,130
59,75,1.0,0,130
59,76,1.0,0,130
59,77,1.0,0,130
59,78,1.0,0,130
59,79,1.0,0,129
59,80,1.0,0,128
59,81,1.0,0,127
59,82,1.0,0,126
59,83,1.0,0,125
59,84,1.0,0,124
59,85,1.0,0,123
59,86,1.0,0,122
59,87,1.0,0,121
59,88,1.0,0,120
59,89,1.0,0,119
59,90,1.0,0,118
59,91,1.0,0,117
59,92,1.0,0,116
59,93,1.0,0,115
59,94,1.0,0,114
60,1,1.0,0,130
60,2,1.0,0,130
60,3,1.0,0,130
60,4,1.0,0,130
60,5,1.0,0,130
60,6,1.0,0,130
60,7,1.0,0,130
60,8,1.0,0,130
60,9,1.0,0,130
60,10,1.0,0,130
60,11,1.0,0,130
60,12,1.0,0,130
60,13,1.0,0,130
60,14,1.0,0,130
60,15,1.0,0,130
60,16,1.0,0,130
60,17,1.0,0,130
60,18,1.0,0,130
60,19,1.0,0,130
60,20,1.0,0,130
60,21,1.0,0,130
60,22,1.0,0,130
60,23,1.0,0,130
60,24,1.0,0,130
60,25,1.0,0,130
60,26,1.0,0,130
60,27,1.0,0,130
60,28,1.0,0,130
60,29,1.0,0,130
60,30,1.0,0,130
60,31,1.0,0,130
60,32,1.0,0,130
60,33,1.0,0,130
60,34,1.0,0,130
60,35,1.0,0,130
60,36,1.0,0,130
60,37,1.0,0,130
60,38,1.0,0,130
60,39,1.0,0,130
60,40,1.0,0,130
60,41,1.0,0,130
60,42,1.0,0,130
60,43,1.0,0,130
60,44,1.0,0,130
60,45,1.0,0,130
60,46,1.0,0,130
60,47,1.0,0,130
60,48,1.0,0,130
60,49,1.0,0,130
60,50,1.0,0,130
60,51,1.0,0,130
60,52,1.0,0,130
60,53,1.0,0,130
60,54,1.0,0,130
60,55,1.0,0,130
60,56,1.0,0,130
60,57,1.0,0,130
60,58,1.0,0,130
60,59,1.0,0,130
60,60,1.0,0,130
60,61,1.0,0,130
60,62,1.0,0,130
60,63,1.0,0,130
60,64,1.0,0,130
60,65,1.0,0,130
60,66,1.0,0,130
60,67,1.0,0,130
60,68,1.0,0,130
60,69,1.0,0,130
60,70,1.0,0,130
60,71,1.0,0,130
60,72,1.0,0,130
60,73,1.0,0,130
60,74,1.0,0,130
60,75,1.0,0,130
60,76,1.0,0,130
60,77,1.0,0,130
60,78,1.0,0,130
60,79,1.0,0,130
60,80,1.0,0,130
60,81,1.0,0,130
60,82,1.0,0,130
60,83,1.0,0,130
60,84,1.0,0,130
60,85,1.0,0,130
60,86,1.0,0,130
60,87,1.0,0,130
60,88,1.0,0,130
60,89,1.0,0,130
60,90,1.0,0,130
60,91,1.0,0,130
60,92,1.0,0,130
60,93,1.0,0,130
60,94,1.0,0,130
60,95,1.0,0,130
60,96,1.0,0,130
60,97,1.0,0,130
60,98,1.0,0,130
60,99,1.0,0,130
60,100,1.0,0,130
60,101,1.0,0,130
60,102,1.0,0,130
60,103,1.0,0,130
60,104,1.0,0,130
60,105,1.0,0,130
60,106,1.0,0,130
60,107,1.0,0,130
60,108,1.0,0,130
60,109,1.0,0,130
60,110,1.0,0,130
60,111,1.0,0,130
60,112,1.0,0,130
60,113,1.0,0,130
60,114,1.0,0,130
60,115,1.0,0,130
60,116,1.0,0,130
60,117,1.0,0,130
60,118,1.0,0,129
60,119,1.0,0,128
60,120,1.0,0,127
60,121,1.0,0,126
60,122,1.0,0,125
60,123,1.0,0,124
60,124,1.0,0,123
60,125,1.0,0,122
60,126,1.0,0,121
60,127,1.0,0,120
60,128,1.0,0,119
60,129,1.0,0,118
60,130,1.0,0,117
60,131,1.0,0,116
60,132,1.0,0,115
60,133,1.0,0,114
60,134,1.0,0,113
60,135,1.0,0,112
60,136,1.0,0,111
60,137,1.0,0,110
60,138,1.0,0,109
60,139,1.0,0,108
60,140,1.0,0,107
60,141,1.0,0,106
60,142,1.0,0,105
60,143,1.0,0,104
60,144,1.0,0,103
60,145,1.0,0,102
60,146,1.0,0,101
60,147,1.0,0,100
61,1,1.0,0,130
61,2,1.0,0,130
61,3,1.0,0,130
61,4,1.0,0,130
61,5,1.0,0,130
61,6,1.0,0,130
61,7,1.0,0,130
61,8,1.0,0,130
61,9,1.0,0,130
61,10,1.0,0,130
61,11,1.0,0,130
61,12,1.0,0,130
61,13,1.0,0,130
61,14,1.0,0,130
61,15,1.0,0,130
61,16,1.0,0,130
61,17,1.0,0,130
61,18,1.0,0,130
61,19,1.0,0,130
61,20,1.0,0,130
61,21,1.0,0,130
61,22,1.0,0,130
61,23,1.0,0,130
61,24,1.0,0,130
61,25,1.0,0,130
61,26,1.0,0,130
61,27,1.0,0,130
61,28,1.0,0,130
61,29,1.0,0,130
61,30,1.0,0,130
61,31,1.0,0,130
61,32,1.0,0,130
61,33,1.0,0,130
61,34,1.0,0,130
61,35,1.0,0,130
61,36,1.0,0,130
61,37,1.0,0,130
61,38,1.0,0,130
61,39,1.0,0,130
61,40,1.0,0,130
61,41,1.0,0,130
61,42,1.0,0,130
61,43,1.0,0,130
61,44,1.0,0,130
61,45,1.0,0,130
61,46,1.0,0,130
61,47,1.0,0,130
61,48,1.0,0,130
61,49,1.0,0,130
61,50,1.0,0,130
61,51,1.0,0,129
61,52,1.0,0,128
61,53,1.0,0,127
61,54,1.0,0,126
61,55,1.0,0,125
61,56,1.0,0,124
61,57,1.0,0,123
61,58,1.0,0,122
61,59,1.0,0,121
61,60,1.0,0,120
61,61,1.0,0,119
61,62,1.0,0,118
61,63,1.0,0,117
61,64,1.0,0,116
61,65,1.0,0,115
61,66,1.0,0,114
61,67,1.0,0,113
61,68,1.0,0,112
61,69,1.0,0,111
61,70,1.0,0,110
61,71,1.0,0,109
61,72,1.0,0,108
61,73,1.0,0,107
61,74,1.0,0,106
61,75,1.0,0,105
61,76,1.0,0,104
61,77,1.0,0,103
61,78,1.0,0,102
61,79,1.0,0,101
61,80,1.0,0,100
61,81,1.0,0,99
61,82,1.0,0,98
61,83,1.0,0,97
61,84,1.0,0,96
61,85,1.0,0,95
61,86,1.0,0,94
61,87,1.0,0,93
61,88,1.0,0,92
61,89,1.0,0,91
61,90,1.0,0,90
61,91,1.0,0,89
61,92,1.0,0,88
61,93,1.0,0,87
61,94,1.0,0,86
61,95,1.0,0,85
61,96,1.0,0,84
61,97,1.0,0,83
61,98,1.0,0,82
61,99,1.0,0,81
61,100,1.0,0,80
61,101,1.0,0,79
61,102,1.0,0,78
61,103,1.0,0,77
61,104,1.0,0,76
61,105,1.0,1,75
61,106,1.0,0,74
61,107,1.0,1,73
61,108,1.0,0,72
61,109,1.0,1,71
61,110,1.0,1,70
61,111,1.0,1,69
61,112,1.0,1,68
61,113,1.0,1,67
61,114,1.0,1,66
61,115,1.0,1,65
61,116,1.0,1,64
61,117,1.0,1,63
61,118,1.0,1,62
61,119,1.0,1,61
61,120,1.0,1,60
61,121,1.0,1,59
61,122,1.0,1,58
61,123,1.0,1,57
61,124,1.0,1,56
61,125,1.0,1,55
61,126,1.0,1,54
61,127,1.0,1,53
61,128,1.0,1,52
61,129,1.0,1,51
61,130,1.0,1,50
61,131,1.0,1,49
61,132,1.0,1,48
61,133,1.0,1,47
61,134,1.0,1,46
61,135,1.0,1,45
61,136,1.0,1,44
61,137,1.0,1,43
61,138,1.0,1,42
61,139,1.0,1,41
61,140,1.0,1,40
61,141,1.0,1,39
61,142,1.0,1,38
61,143,1.0,1,37
61,144,1.0,1,36
61,145,1.0,1,35
61,146,1.0,1,34
61,147,1.0,1,33
61,148,1.0,1,32
61,149,1.0,1,31
61,150,1.0,1,30
61,151,1.0,1,29
61,152,1.0,1,28
61,153,1.0,1,27
61,154,1.0,1,26
61,155,1.0,1,25
61,156,1.0,2,24
61,157,1.0,2,23
61,158,1.0,2,22
61,159,1.0,2,21
62,1,1.0,0,130
62,2,1.0,0,130
62,3,1.0,0,130
62,4,1.0,0,130
62,5,1.0,0,130
62,6,1.0,0,130
62,7,1.0,0,130
62,8,1.0,0,130
62,9,1.0,0,130
62,10,1.0,0,130
62,11,1.0,0,130
62,12,1.0,0,130
62,13,1.0,0,130
62,14,1.0,0,130
62,15,1.0,0,130
62,16,1.0,0,130
62,17,1.0,0,130
62,18,1.0,0,130
62,19,1.0,0,130
62,20,1.0,0,130
62,21,1.0,0,130
62,22,1.0,0,130
62,23,1.0,0,130
62,24,1.0,0,130
62,25,1.0,0,130
62,26,1.0,0,130
62,27,1.0,0,130
62,28,1.0,0,130
62,29,1.0,0,130
62,30,1.0,0,130
62,31,1.0,0,130
62,32,1.0,0,130
62,33,1.0,0,130
62,34,1.0,0,130
62,35,1.0,0,130
62,36,1.0,0,130
62,37,1.0,0,130
62,38,1.0,0,130
62,39,1.0,0,130
62,40,1.0,0,130
62,41,1.0,0,130
62,42,1.0,0,130
62,43,1.0,0,130
62,44,1.0,0,130
62,45,1.0,0,130
62,46,1.0,0,130
62,47,1.0,0,130
62,48,1.0,0,130
62,49,1.0,0,130
62,50,1.0,0,130
62,51,1.0,0,130
62,52,1.0,0,130
62,53,1.0,0,130
62,54,1.0,0,130
62,55,1.0,0,130
62,56,1.0,0,130
62,57,1.0,0,130
62,58,1.0,0,130
62,59,1.0,0,130
62,60,1.0,0,130
62,61,1.0,0,130
62,62,1.0,0,130
62,63,1.0,0,130
62,64,1.0,0,130
62,65,1.0,0,130
62,66,1.0,0,130
62,67,1.0,0,130
62,68,1.0,0,130
62,69,1.0,0,130
62,70,1.0,0,130
62,71,1.0,0,130
62,72,1.0,0,130
62,73,1.0,0,130
62,74,1.0,0,130
62,75,1.0,0,130
62,76,1.0,0,130
62,77,1.0,0,130
62,78,1.0,0,130
62,79,1.0,0,130
62,80,1.0,0,130
62,81,1.0,0,130
62,82,1.0,0,130
62,83,1.0,0,130
62,84,1.0,0,130
62,85,1.0,0,130
62,86,1.0,0,130
62,87,1.0,0,130
62,88,1.0,0,130
62,89,1.0,0,130
62,90,1.0,0,130
62,91,1.0,0,130
62,92,1.0,0,130
62,93,1.0,0,130
62,94,1.0,0,130
62,95,1.0,0,130
62,96,1.0,0,130
62,97,1.0,0,130
62,98,1.0,0,130
62,99,1.0,0,130
62,100,1.0,0,130
62,101,1.0,0,130
62,102,1.0,0,130
62,103,1.0,0,130
62,104,1.0,0,130
62,105,1.0,0,130
62,106,1.0,0,130
62,107,1.0,0,130
62,108,1.0,0,130
62,109,1.0,0,130
62,110,1.0,0,130
62,111,1.0,0,130
62,112,1.0,0,130
62,113,1.0,0,130
62,114,1.0,0,130
62,115,1.0,0,130
62,116,1.0,0,130
62,117,1.0,0,130
62,118,1.0,0,130
62,119,1.0,0,130
62,120,1.0,0,130
62,121,1.0,0,130
62,122,1.0,0,130
62,123,1.0,0,130
62,124,1.0,0,130
62,125,1.0,0,130
62,126,1.0,0,130
62,127,1.0,0,130
62,128,1.0,0,130
62,129,1.0,0,130
62,130,1.0,0,130
62,131,1.0,0,130
62,132,1.0,0,130
62,133,1.0,0,130
62,134,1.0,0,130
62,135,1.0,0,130
62,136,1.0,0,130
62,137,1.0,0,130
62,138,1.0,0,130
62,139,1.0,0,130
62,140,1.0,0,130
62,141,1.0,0,130
62,142,1.0,0,130
62,143,1.0,0,130
62,144,1.0,0,130
62,145,1.0,0,130
62,146,1.0,0,130
62,147,1.0,0,130
62,148,1.0,0,130
62,149,1.0,0,130
62,150,1.0,0,130
62,151,1.0,0,130
62,152,1.0,0,130
62,153,1.0,0,130
62,154,1.0,0,130
62,155,1.0,0,130
62,156,1.0,0,130
62,157,1.0,0,129
62,158,1.0,0,128
62,159,1.0,0,127
62,160,1.0,0,126
62,161,1.0,0,125
62,162,1.0,0,124
62,163,1.0,0,123
62,164,1.0,0,122
62,165,1.0,0,121
62,166,1.0,0,120
62,167,1.0,0,119
62,168,1.0,0,118
62,169,1.0,0,117
62,170,1.0,0,116
62,171,1.0,0,115
62,172,1.0,0,114
62,173,1.0,0,113
62,174,1.0,0,112
62,175,1.0,0,111
62,176,1.0,0,110
62,177,1.0,0,109
62,178,1.0,0,108
62,179,1.0,0,107
62,180,1.0,0,106
62,181,1.0,0,105
62,182,1.0,0,104
62,183,1.0,0,103
62,184,1.0,0,102
62,185,1.0,0,101
62,186,1.0,0,100
62,187,1.0,0,99
62,188,1.0,0,98
62,189,1.0,0,97
62,190,1.0,0,96
62,191,1.0,0,95
62,192,1.0,0,94
62,193,1.0,0,93
62,194,1.0,0,92
62,195,1.0,0,91
62,196,1.0,0,90
62,197,1.0,1,89
62,198,1.0,1,88
62,199,1.0,1,87
62,200,1.0,1,86
62,201,1.0,1,85
62,202,1.0,1,84
62,203,1.0,1,83
62,204,1.0,1,82
62,205,1.0,1,81
62,206,1.0,1,80
62,207,1.0,1,79
62,208,1.0,1,78
62,209,1.0,1,77
62,210,1.0,1,76
62,211,1.0,1,75
62,212,1.0,0,74
62,213,1.0,1,73
62,214,1.0,1,72
62,215,1.0,1,71
62,216,1.0,1,70
62,217,1.0,1,69
62,218,1.0,1,68
62,219,1.0,1,67
62,220,1.0,1,66
62,221,1.0,1,65
62,222,1.0,1,64
62,223,1.0,1,63
62,224,1.0,1,62
62,225,1.0,1,61
62,226,1.0,1,60
62,227,1.0,1,59
62,228,1.0,1,58
62,229,1.0,1,57
62,230,1.0,1,56
62,231,1.0,1,55
62,232,1.0,1,54
63,1,1.0,0,130
63,2,1.0,0,130
63,3,1.0,0,130
63,4,1.0,0,130
63,5,1.0,0,130
63,6,1.0,0,130
63,7,1.0,0,130
63,8,1.0,0,130
63,9,1.0,0,130
63,10,1.0,0,130
63,11,1.0,0,130
63,12,1.0,0,130
63,13,1.0,0,130
63,14,1.0,0,130
63,15,1.0,0,130
63,16,1.0,0,130
63,17,1.0,0,130
63,18,1.0,0,130
63,19,1.0,0,130
63,20,1.0,0,130
63,21,1.0,0,130
63,22,1.0,0,130
63,23,1.0,0,130
63,24,1.0,0,130
63,25,1.0,0,130
63,26,1.0,0,130
63,27,1.0,0,130
63,28,1.0,0,130
63,29,1.0,0,130
63,30,1.0,0,130
63,31,1.0,0,130
63,32,1.0,0,130
63,33,1.0,0,130
63,34,1.0,0,130
63,35,1.0,0,130
63,36,1.0,0,130
63,37,1.0,0,130
63,38,1.0,0,130
63,39,1.0,0,130
63,40,1.0,0,130
63,41,1.0,0,130
63,42,1.0,0,130
63,43,1.0,0,130
63,44,1.0,0,130
63,45,1.0,0,130
63,46,1.0,0,130
63,47,1.0,0,130
63,48,1.0,0,130
63,49,1.0,0,130
63,50,1.0,0,130
63,51,1.0,0,130
63,52,1.0,0,130
63,53,1.0,0,130
63,54,1.0,0,130
63,55,1.0,0,130
63,56,1.0,0,130
63,57,1.0,0,130
63,58,1.0,0,130
63,59,1.0,0,130
63,60,1.0,0,130
63,61,1.0,0,130
63,62,1.0,0,130
63,63,1.0,0,130
63,64,1.0,0,130
63,65,1.0,0,130
63,66,1.0,0,130
63,67,1.0,0,130
63,68,1.0,0,130
63,69,1.0,0,130
63,70,1.0,0,130
63,71,1.0,0,130
63,72,1.0,0,130
63,73,1.0,0,130
63,74,1.0,0,130
63,75,1.0,0,130
63,76,1.0,0,130
63,77,1.0,0,130
63,78,1.0,0,130
63,79,1.0,0,130
63,80,1.0,0,130
63,81,1.0,0,130
63,82,1.0,0,130
63,83,1.0,0,130
63,84,1.0,0,130
63,85,1.0,0,130
63,86,1.0,0,130
63,87,1.0,0,130
63,88,1.0,0,130
63,89,1.0,0,130
63,90,1.0,0,130
63,91,1.0,0,130
63,92,1.0,0,130
63,93,1.0,0,130
63,94,1.0,0,130
63,95,1.0,0,130
63,96,1.0,0,130
63,97,1.0,0,130
63,98,1.0,0,129
63,99,1.0,0,128
63,100,1.0,0,127
63,101,1.0,0,126
63,102,1.0,0,125
63,103,1.0,0,124
63,104,1.0,0,123
63,105,1.0,0,122
63,106,1.0,0,121
63,107,1.0,0,120
63,108,1.0,0,119
63,109,1.0,0,118
63,110,1.0,0,117
63,111,1.0,0,116
63,112,1.0,0,115
63,113,1.0,0,114
63,114,1.0,0,113
63,115,1.0,0,112
63,116,1.0,0,111
63,117,1.0,0,110
63,118,1.0,0,109
63,119,1.0,0,108
63,120,1.0,0,107
63,121,1.0,0,106
63,122,1.0,0,105
63,123,1.0,0,104
63,124,1.0,0,103
63,125,1.0,0,102
63,126,1.0,0,101
63,127,1.0,0,100
63,128,1.0,0,99
63,129,1.0,0,98
63,130,1.0,0,97
63,131,1.0,0,96
63,132,1.0,0,95
63,133,1.0,0,94
63,134,1.0,0,93
63,135,1.0,0,92
63,136,1.0,0,91
63,137,1.0,0,90
63,138,1.0,0,89
63,139,1.0,0,88
63,140,1.0,0,87
63,141,1.0,0,86
63,142,1.0,0,85
63,143,1.0,0,84
63,144,1.0,0,83
63,145,1.0,0,82
63,146,1.0,0,81
63,147,1.0,0,80
63,148,1.0,0,79
63,149,1.0,0,78
63,150,1.0,0,77
63,151,1.0,0,76
63,152,1.0,1,75
63,153,1.0,1,74
63,154,1.0,1,73
63,155,1.0,1,72
64,1,1.0,0,130
64,2,1.0,0,130
64,3,1.0,0,130
64,4,1.0,0,130
64,5,1.0,0,130
64,6,1.0,0,130
64,7,1.0,0,130
64,8,1.0,0,130
64,9,1.0,0,130
64,10,1.0,0,130
64,11,1.0,0,130
64,12,1.0,0,130
64,13,1.0,0,130
64,14,1.0,0,130
64,15,1.0,0,130
64,16,1.0,0,130
64,17,1.0,0,130
64,18,1.0,0,130
64,19,1.0,0,130
64,20,1.0,0,130
64,21,1.0,0,130
64,22,1.0,0,130
64,23,1.0,0,130
64,24,1.0,0,130
64,25,1.0,0,130
64,26,1.0,0,130
64,27,1.0,0,130
64,28,1.0,0,130
64,29,1.0,0,130
64,30,1.0,0,130
64,31,1.0,0,130
64,32,1.0,0,130
64,33,1.0,0,130
64,34,1.0,0,130
64,35,1.0,0,130
64,36,1.0,0,130
64,37,1.0,0,130
64,38,1.0,0,130
64,39,1.0,0,130
64,40,1.0,0,130
64,41,1.0,0,130
64,42,1.0,0,130
64,43,1.0,0,130
64,44,1.0,0,130
64,45,1.0,0,130
64,46,1.0,0,130
64,47,1.0,0,130
64,48,1.0,0,130
64,49,1.0,0,130
64,50,1.0,0,130
64,51,1.0,0,130
64,52,1.0,0,130
64,53,1.0,0,130
64,54,1.0,0,130
64,55,1.0,0,130
64,56,1.0,0,130
64,57,1.0,0,130
64,58,1.0,0,130
64,59,1.0,0,130
64,60,1.0,0,130
64,61,1.0,0,130
64,62,1.0,0,130
64,63,1.0,0,130
64,64,1.0,0,130
64,65,1.0,0,130
64,66,1.0,0,130
64,67,1.0,0,129
64,68,1.0,0,128
64,69,1.0,0,127
64,70,1.0,0,126
64,71,1.0,0,125
64,72,1.0,0,124
64,73,1.0,0,123
64,74,1.0,0,122
64,75,1.0,0,121
64,76,1.0,0,120
64,77,1.0,0,119
64,78,1.0,0,118
64,79,1.0,0,117
64,80,1.0,0,116
64,81,1.0,0,115
64,82,1.0,0,114
64,83,1.0,0,113
64,84,1.0,0,112
64,85,1.0,0,111
64,86,1.0,0,110
64,87,1.0,0,109
64,88,1.0,0,108
64,89,1.0,0,107
64,90,1.0,0,106
64,91,1.0,0,105
64,92,1.0,0,104
64,93,1.0,0,103
64,94,1.0,0,102
64,95,1.0,0,101
64,96,1.0,0,100
64,97,1.0,0,99
64,98,1.0,0,98
64,99,1.0,0,97
64,100,1.0,0,96
64,101,1.0,0,95
64,102,1.0,0,94
64,103,1.0,0,93
64,104,1.0,0,92
64,105,1.0,0,91
64,106,1.0,0,90
64,107,1.0,0,89
64,108,1.0,0,88
64,109,1.0,0,87
64,110,1.0,0,86
64,111,1.0,0,85
64,112,1.0,0,84
64,113,1.0,0,83
64,114,1.0,0,82
64,115,1.0,0,81
64,116,1.0,0,80
64,117,1.0,0,79
64,118,1.0,0,78
64,119,1.0,0,77
64,120,1.0,0,76
64,121,1.0,0,75
64,122,1.0,0,74
64,123,1.0,0,73
64,124,1.0,0,72
64,125,1.0,0,71
64,126,1.0,0,70
64,127,1.0,0,69
64,128,1.0,0,68
64,129,1.0,0,67
64,130,1.0,0,66
64,131,1.0,0,65
64,132,1.0,0,64
64,133,1.0,0,63
64,134,1.0,0,62
64,135,1.0,0,61
64,136,1.0,0,60
64,137,1.0,0,59
64,138,1.0,0,58
64,139,1.0,0,57
64,140,1.0,0,56
64,141,1.0,1,55
64,142,1.0,1,54
64,143,1.0,0,53
64,144,1.0,0,52
64,145,1.0,0,51
64,146,1.0,0,50
64,147,1.0,0,49
64,148,1.0,0,48
64,149,1.0,0,47
64,150,1.0,0,46
64,151,1.0,0,45
64,152,1.0,1,44
64,153,1.0,1,43
64,154,1.0,0,42
64,155,1.0,0,41
64,156,1.0,0,40
64,157,1.0,0,39
64,158,1.0,1,38
64,159,1.0,1,37
64,160,1.0,1,36
64,161,1.0,1,35
64,162,1.0,1,34
64,163,1.0,1,33
64,164,1.0,1,32
64,165,1.0,1,31
64,166,1.0,2,30
64,167,1.0,1,29
64,168,1.0,1,28
65,1,1.0,0,130
65,2,1.0,0,130
65,3,1.0,0,130
65,4,1.0,0,130
65,5,1.0,0,130
65,6,1.0,0,130
65,7,1.0,0,130
65,8,1.0,0,130
65,9,1.0,0,130
65,10,1.0,0,130
65,11,1.0,0,130
65,12,1.0,0,130
65,13,1.0,0,130
65,14,1.0,0,130
65,15,1.0,0,130
65,16,1.0,0,130
65,17,1.0,0,130
65,18,1.0,0,130
65,19,1.0,0,130
65,20,1.0,0,130
65,21,1.0,0,130
65,22,1.0,0,130
65,23,1.0,0,130
65,24,1.0,0,130
65,25,1.0,0,130
65,26,1.0,0,130
65,27,1.0,0,130
65,28,1.0,0,130
65,29,1.0,0,130
65,30,1.0,0,130
65,31,1.0,0,130
65,32,1.0,0,130
65,33,1.0,0,130
65,34,1.0,0,130
65,35,1.0,0,130
65,36,1.0,0,130
65,37,1.0,0,130
65,38,1.0,0,130
65,39,1.0,0,130
65,40,1.0,0,130
65,41,1.0,0,130
65,42,1.0,0,130
65,43,1.0,0,130
65,44,1.0,0,130
65,45,1.0,0,130
65,46,1.0,0,130
65,47,1.0,0,130
65,48,1.0,0,130
65,49,1.0,0,130
65,50,1.0,0,130
65,51,1.0,0,130
65,52,1.0,0,130
65,53,1.0,0,130
65,54,1.0,0,130
65,55,1.0,0,130
65,56,1.0,0,130
65,57,1.0,0,130
65,58,1.0,0,130
65,59,1.0,0,130
65,60,1.0,0,130
65,61,1.0,0,130
65,62,1.0,0,130
65,63,1.0,0,130
65,64,1.0,0,130
65,65,1.0,0,130
65,66,1.0,0,130
65,67,1.0,0,130
65,68,1.0,0,130
65,69,1.0,0,130
65,70,1.0,0,129
65,71,1.0,0,128
66,1,1.0,0,130
66,2,1.0,0,130
66,3,1.0,0,130
66,4,1.0,0,130
66,5,1.0,0,130
66,6,1.0,0,130
66,7,1.0,0,130
66,8,1.0,0,130
66,9,1.0,0,130
66,10,1.0,0,130
66,11,1.0,0,130
66,12,1.0,0,130
66,13,1.0,0,130
66,14,1.0,0,130
66,15,1.0,0,130
66,16,1.0,0,130
66,17,1.0,0,130
66,18,1.0,0,130
66,19,1.0,0,130
66,20,1.0,0,130
66,21,1.0,0,130
66,22,1.0,0,130
66,23,1.0,0,130
66,24,1.0,0,130
66,25,1.0,0,130
66,26,1.0,0,130
66,27,1.0,0,130
66,28,1.0,0,130
66,29,1.0,0,130
66,30,1.0,0,130
66,31,1.0,0,130
66,32,1.0,0,129
66,33,1.0,0,128
66,34,1.0,0,127
66,35,1.0,0,126
66,36,1.0,0,125
66,37,1.0,0,124
66,38,1.0,0,123
66,39,1.0,0,122
66,40,1.0,0,121
66,41,1.0,0,120
66,42,1.0,0,119
66,43,1.0,0,118
66,44,1.0,0,117
66,45,1.0,0,116
66,46,1.0,0,115
66,47,1.0,0,114
66,48,1.0,0,113
66,49,1.0,0,112
66,50,1.0,0,111
66,51,1.0,0,110
66,52,1.0,0,109
66,53,1.0,0,108
66,54,1.0,0,107
66,55,1.0,0,106
66,56,1.0,0,105
66,57,1.0,0,104
66,58,1.0,0,103
66,59,1.0,0,102
66,60,1.0,0,101
66,61,1.0,0,100
66,62,1.0,1,99
66,63,1.0,0,98
66,64,1.0,0,97
66,65,1.0,1,96
66,66,1.0,1,95
66,67,1.0,1,94
66,68,1.0,1,93
66,69,1.0,1,92
66,70,1.0,1,91
66,71,1.0,1,90
66,72,1.0,1,89
66,73,1.0,1,88
66,74,1.0,0,87
66,75,1.0,1,86
66,76,1.0,1,85
66,77,1.0,1,84
66,78,1.0,1,83
66,79,1.0,1,82
66,80,1.0,1,81
66,81,1.0,1,80
66,82,1.0,1,79
66,83,1.0,1,78
66,84,1.0,1,77
66,85,1.0,1,76
66,86,1.0,1,75
66,87,1.0,1,74
66,88,1.0,1,73
66,89,1.0,1,72
66,90,1.0,1,71
66,91,1.0,1,70
66,92,1.0,1,69
66,93,1.0,1,68
66,94,1.0,1,67
66,95,1.0,1,66
66,96,1.0,1,65
66,97,1.0,1,64
66,98,1.0,1,63
66,99,1.0,1,62
66,100,1.0,1,61
66,101,1.0,1,60
66,102,1.0,1,59
66,103,1.0,1,58
66,104,1.0,1,57
66,105,1.0,1,56
66,106,1.0,1,55
66,107,1.0,1,54
66,108,1.0,1,53
66,109,1.0,1,52
66,110,1.0,1,51
66,111,1.0,1,50
66,112,1.0,1,49
66,113,1.0,1,48
66,114,1.0,1,47
66,115,1.0,1,46
66,116,1.0,1,45
66,117,1.0,1,44
66,118,1.0,1,43
66,119,1.0,1,42
66,120,1.0,1,41
66,121,1.0,1,40
66,122,1.0,1,39
66,123,1.0,1,38
66,124,1.0,1,37
66,125,1.0,1,36
66,126,1.0,1,35
66,127,1.0,1,34
66,128,1.0,1,33
66,129,1.0,2,32
66,130,1.0,2,31
66,131,1.0,2,30
66,132,1.0,1,29
66,133,1.0,1,28
66,134,1.0,1,27
66,135,1.0,1,26
66,136,1.0,2,25
66,137,1.0,2,24
66,138,1.0,2,23
66,139,1.0,2,22
66,140,1.0,2,21
66,141,1.0,2,20
66,142,1.0,2,19
66,143,1.0,2,18
66,144,1.0,2,17
66,145,1.0,2,16
66,146,1.0,2,15
66,147,1.0,2,14
67,1,1.0,0,130
67,2,1.0,0,130
67,3,1.0,0,130
67,4,1.0,0,130
67,5,1.0,0,130
67,6,1.0,0,130
67,7,1.0,0,130
67,8,1.0,0,130
67,9,1.0,0,130
67,10,1.0,0,130
67,11,1.0,0,130
67,12,1.0,0,130
67,13,1.0,0,130
67,14,1.0,0,130
67,15,1.0,0,130
67,16,1.0,0,130
67,17,1.0,0,130
67,18,1.0,0,130
67,19,1.0,0,129
67,20,1.0,0,128
67,21,1.0,0,127
67,22,1.0,0,126
67,23,1.0,0,125
67,24,1.0,0,124
67,25,1.0,0,123
67,26,1.0,0,122
67,27,1.0,0,121
67,28,1.0,0,120
67,29,1.0,0,119
67,30,1.0,0,118
67,31,1.0,0,117
67,32,1.0,0,116
67,33,1.0,0,115
67,34,1.0,0,114
67,35,1.0,0,113
67,36,1.0,0,112
67,37,1.0,0,111
67,38,1.0,0,110
67,39,1.0,0,109
67,40,1.0,0,108
67,41,1.0,0,107
67,42,1.0,0,106
67,43,1.0,0,105
67,44,1.0,0,104
67,45,1.0,0,103
67,46,1.0,0,102
67,47,1.0,0,101
67,48,1.0,0,100
67,49,1.0,0,99
67,50,1.0,0,98
67,51,1.0,0,97
67,52,1.0,0,96
67,53,1.0,0,95
67,54,1.0,0,94
67,55,1.0,0,93
67,56,1.0,0,92
67,57,1.0,0,91
67,58,1.0,0,90
67,59,1.0,0,89
67,60,1.0,0,88
67,61,1.0,0,87
67,62,1.0,0,86
67,63,1.0,0,85
67,64,1.0,0,84
67,65,1.0,0,83
67,66,1.0,0,82
67,67,1.0,0,81
67,68,1.0,0,80
67,69,1.0,0,79
67,70,1.0,0,78
67,71,1.0,0,77
68,1,1.0,0,130
68,2,1.0,0,130
68,3,1.0,0,130
68,4,1.0,0,130
68,5,1.0,0,130
68,6,1.0,0,130
68,7,1.0,0,130
68,8,1.0,0,130
68,9,1.0,0,130
68,10,1.0,0,130
68,11,1.0,0,130
68,12,1.0,0,130
68,13,1.0,0,130
68,14,1.0,0,130
68,15,1.0,0,130
68,16,1.0,0,130
68,17,1.0,0,130
68,18,1.0,0,130
68,19,1.0,0,130
68,20,1.0,0,130
68,21,1.0,0,130
68,22,1.0,0,130
68,23,1.0,0,130
68,24,1.0,0,130
68,25,1.0,0,130
68,26,1.0,0,130
68,27,1.0,0,130
68,28,1.0,0,130
68,29,1.0,0,130
68,30,1.0,0,130
68,31,1.0,0,130
68,32,1.0,0,130
68,33,1.0,0,130
68,34,1.0,0,130
68,35,1.0,0,130
68,36,1.0,0,130
68,37,1.0,0,130
68,38,1.0,0,130
68,39,1.0,0,130
68,40,1.0,0,130
68,41,1.0,0,130
68,42,1.0,0,130
68,43,1.0,0,130
68,44,1.0,0,130
68,45,1.0,0,130
68,46,1.0,0,130
68,47,1.0,0,130
68,48,1.0,0,130
68,49,1.0,0,130
68,50,1.0,0,130
68,51,1.0,0,130
68,52,1.0,0,130
68,53,1.0,0,130
68,54,1.0,0,130
68,55,1.0,0,130
68,56,1.0,0,130
68,57,1.0,0,130
68,58,1.0,0,130
68,59,1.0,0,130
68,60,1.0,0,130
68,61,1.0,0,130
68,62,1.0,0,130
68,63,1.0,0,130
68,64,1.0,0,130
68,65,1.0,0,130
68,66,1.0,0,129
68,67,1.0,0,128
68,68,1.0,0,127
68,69,1.0,0,126
68,70,1.0,0,125
68,71,1.0,0,124
68,72,1.0,0,123
68,73,1.0,0,122
68,74,1.0,0,121
68,75,1.0,0,120
68,76,1.0,0,119
68,77,1.0,0,118
68,78,1.0,0,117
68,79,1.0,0,116
68,80,1.0,0,115
68,81,1.0,0,114
68,82,1.0,0,113
68,83,1.0,0,112
68,84,1.0,0,111
68,85,1.0,0,110
68,86,1.0,0,109
68,87,1.0,0,108
68,88,1.0,0,107
68,89,1.0,0,106
68,90,1.0,0,105
68,91,1.0,0,104
68,92,1.0,0,103
68,93,1.0,0,102
68,94,1.0,0,101
68,95,1.0,0,100
68,96,1.0,0,99
68,97,1.0,0,98
68,98,1.0,0,97
68,99,1.0,0,96
68,100,1.0,0,95
68,101,1.0,0,94
68,102,1.0,0,93
68,103,1.0,0,92
68,104,1.0,0,91
68,105,1.0,0,90
68,106,1.0,0,89
68,107,1.0,0,88
68,108,1.0,0,87
68,109,1.0,0,86
68,110,1.0,0,85
68,111,1.0,0,84
68,112,1.0,0,83
68,113,1.0,0,82
68,114,1.0,0,81
68,115,1.0,0,80
68,116,1.0,0,79
68,117,1.0,0,78
68,118,1.0,0,77
68,119,1.0,0,76
68,120,1.0,0,75
68,121,1.0,0,74
68,122,1.0,0,73
68,123,1.0,0,72
68,124,1.0,0,71
68,125,1.0,0,70
68,126,1.0,0,69
68,127,1.0,0,68
68,128,1.0,0,67
68,129,1.0,0,66
68,130,1.0,0,65
68,131,1.0,0,64
68,132,1.0,0,63
68,133,1.0,0,62
68,134,1.0,0,61
68,135,1.0,0,60
68,136,1.0,0,59
68,137,1.0,1,58
68,138,1.0,1,57
68,139,1.0,0,56
68,140,1.0,0,55
68,141,1.0,0,54
68,142,1.0,0,53
68,143,1.0,0,52
68,144,1.0,0,51
68,145,1.0,0,50
68,146,1.0,0,49
68,147,1.0,1,48
68,148,1.0,1,47
68,149,1.0,1,46
68,150,1.0,1,45
68,151,1.0,1,44
68,152,1.0,1,43
68,153,1.0,1,42
68,154,1.0,1,41
68,155,1.0,1,40
68,156,1.0,1,39
68,157,1.0,1,38
68,158,1.0,1,37
68,159,1.0,1,36
68,160,1.0,1,35
68,161,1.0,1,34
68,162,1.0,1,33
68,163,1.0,1,32
68,164,1.0,1,31
68,165,1.0,1,30
68,166,1.0,1,29
68,167,1.0,1,28
68,168,1.0,1,27
68,169,1.0,1,26
68,170,1.0,1,25
68,171,1.0,1,24
68,172,1.0,2,23
68,173,1.0,2,22
68,174,1.0,2,21
68,175,1.0,2,20
68,176,1.0,2,19
68,177,1.0,2,18
68,178,1.0,2,17
68,179,1.0,2,16
68,180,1.0,2,15
68,181,1.0,2,14
68,182,1.0,2,13
68,183,1.0,2,12
68,184,1.0,2,11
68,185,1.0,2,10
68,186,,3,9
68,187,,2,8
69,1,1.0,0,130
69,2,1.0,0,130
69,3,1.0,0,130
69,4,1.0,0,130
69,5,1.0,0,130
69,6,1.0,0,130
69,7,1.0,0,130
69,8,1.0,0,130
69,9,1.0,0,130
69,10,1.0,0,130
69,11,1.0,0,130
69,12,1.0,0,130
69,13,1.0,0,130
69,14,1.0,0,130
69,15,1.0,0,130
69,16,1.0,0,130
69,17,1.0,0,130
69,18,1.0,0,130
69,19,1.0,0,130
69,20,1.0,0,130
69,21,1.0,0,130
69,22,1.0,0,130
69,23,1.0,0,130
69,24,1.0,0,130
69,25,1.0,0,130
69,26,1.0,0,130
69,27,1.0,0,130
69,28,1.0,0,130
69,29,1.0,0,130
69,30,1.0,0,130
69,31,1.0,0,130
69,32,1.0,0,130
69,33,1.0,0,130
69,34,1.0,0,130
69,35,1.0,0,130
69,36,1.0,0,130
69,37,1.0,0,130
69,38,1.0,0,130
69,39,1.0,0,130
69,40,1.0,0,130
69,41,1.0,0,130
69,42,1.0,0,130
69,43,1.0,0,130
69,44,1.0,0,130
69,45,1.0,0,130
69,46,1.0,0,129
69,47,1.0,0,128
69,48,1.0,0,127
69,49,1.0,0,126
69,50,1.0,0,125
69,51,1.0,0,124
69,52,1.0,0,123
69,53,1.0,0,122
69,54,1.0,0,121
70,1,1.0,0,130
70,2,1.0,0,130
70,3,1.0,0,130
70,4,1.0,0,130
70,5,1.0,0,130
70,6,1.0,0,130
70,7,1.0,0,130
70,8,1.0,0,130
70,9,1.0,0,130
70,10,1.0,0,130
70,11,1.0,0,130
70,12,1.0,0,130
70,13,1.0,0,130
70,14,1.0,0,130
70,15,1.0,0,130
70,16,1.0,0,130
70,17,1.0,0,130
70,18,1.0,0,130
70,19,1.0,0,130
70,20,1.0,0,130
70,21,1.0,0,130
70,22,1.0,0,130
70,23,1.0,0,130
70,24,1.0,0,130
70,25,1.0,0,130
70,26,1.0,0,130
70,27,1.0,0,130
70,28,1.0,0,130
70,29,1.0,0,130
70,30,1.0,0,130
70,31,1.0,0,130
70,32,1.0,0,130
70,33,1.0,0,130
70,34,1.0,0,130
70,35,1.0,0,130
70,36,1.0,0,130
70,37,1.0,0,130
70,38,1.0,0,130
70,39,1.0,0,130
70,40,1.0,0,130
70,41,1.0,0,130
70,42,1.0,0,130
70,43,1.0,0,130
70,44,1.0,0,130
70,45,1.0,0,130
70,46,1.0,0,130
70,47,1.0,0,130
70,48,1.0,0,130
70,49,1.0,0,130
70,50,1.0,0,130
70,51,1.0,0,130
70,52,1.0,0,130
70,53,1.0,0,130
70,54,1.0,0,130
70,55,1.0,0,130
70,56,1.0,0,130
70,57,1.0,0,130
70,58,1.0,0,130
70,59,1.0,0,130
70,60,1.0,0,130
70,61,1.0,0,130
70,62,1.0,0,130
70,63,1.0,0,130
70,64,1.0,0,130
70,65,1.0,0,130
70,66,1.0,0,130
70,67,1.0,0,130
70,68,1.0,0,130
70,69,1.0,0,130
70,70,1.0,0,130
70,71,1.0,0,130
70,72,1.0,0,130
70,73,1.0,0,130
70,74,1.0,0,130
70,75,1.0,0,130
70,76,1.0,0,130
70,77,1.0,0,130
70,78,1.0,0,130
70,79,1.0,0,130
70,80,1.0,0,130
70,81,1.0,0,130
70,82,1.0,0,130
70,83,1.0,0,130
70,84,1.0,0,130
70,85,1.0,0,130
70,86,1.0,0,130
70,87,1.0,0,130
70,88,1.0,0,130
70,89,1.0,0,130
70,90,1.0,0,130
70,91,1.0,0,130
70,92,1.0,0,130
70,93,1.0,0,130
70,94,1.0,0,130
70,95,1.0,0,130
70,96,1.0,0,130
70,97,1.0,0,130
70,98,1.0,0,130
70,99,1.0,0,130
70,100,1.0,0,130
70,101,1.0,0,130
70,102,1.0,0,130
70,103,1.0,0,130
70,104,1.0,0,130
70,105,1.0,0,130
70,106,1.0,0,130
70,107,1.0,0,130
70,108,1.0,0,130
70,109,1.0,0,130
70,110,1.0,0,130
70,111,1.0,0,130
70,112,1.0,0,130
70,113,1.0,0,130
70,114,1.0,0,130
70,115,1.0,0,130
70,116,1.0,0,130
70,117,1.0,0,129
70,118,1.0,0,128
70,119,1.0,0,127
70,120,1.0,0,126
70,121,1.0,0,125
70,122,1.0,0,124
70,123,1.0,0,123
70,124,1.0,0,122
70,125,1.0,0,121
70,126,1.0,0,120
70,127,1.0,0,119
70,128,1.0,0,118
70,129,1.0,0,117
70,130,1.0,0,116
70,131,1.0,0,115
70,132,1.0,0,114
70,133,1.0,0,113
70,134,1.0,0,112
70,135,1.0,0,111
70,136,1.0,0,110
70,137,1.0,0,109
70,138,1.0,0,108
70,139,1.0,0,107
70,140,1.0,0,106
70,141,1.0,0,105
70,142,1.0,0,104
70,143,1.0,0,103
70,144,1.0,0,102
70,145,1.0,0,101
70,146,1.0,0,100
70,147,1.0,0,99
70,148,1.0,0,98
70,149,1.0,0,97
70,150,1.0,0,96
70,151,1.0,0,95
70,152,1.0,0,94
71,1,1.0,0,130
71,2,1.0,0,130
71,3,1.0,0,130
71,4,1.0,0,130
71,5,1.0,0,130
71,6,1.0,0,130
71,7,1.0,0,130
71,8,1.0,0,130
71,9,1.0,0,130
71,10,1.0,0,130
71,11,1.0,0,130
71,12,1.0,0,130
71,13,1.0,0,130
71,14,1.0,0,130
71,15,1.0,0,130
71,16,1.0,0,130
71,17,1.0,0,130
71,18,1.0,0,130
71,19,1.0,0,130
71,20,1.0,0,130
71,21,1.0,0,130
71,22,1.0,0,130
71,23,1.0,0,130
71,24,1.0,0,130
71,25,1.0,0,130
71,26,1.0,0,130
71,27,1.0,0,130
71,28,1.0,0,130
71,29,1.0,0,130
71,30,1.0,0,130
71,31,1.0,0,130
71,32,1.0,0,130
71,33,1.0,0,130
71,34,1.0,0,130
71,35,1.0,0,130
71,36,1.0,0,130
71,37,1.0,0,130
71,38,1.0,0,130
71,39,1.0,0,130
71,40,1.0,0,130
71,41,1.0,0,130
71,42,1.0,0,130
71,43,1.0,0,130
71,44,1.0,0,130
71,45,1.0,0,130
71,46,1.0,0,130
71,47,1.0,0,130
71,48,1.0,0,130
71,49,1.0,0,130
71,50,1.0,0,130
71,51,1.0,0,130
71,52,1.0,0,130
71,53,1.0,0,130
71,54,1.0,0,130
71,55,1.0,0,130
71,56,1.0,0,130
71,57,1.0,0,129
71,58,1.0,0,128
71,59,1.0,0,127
71,60,1.0,0,126
71,61,1.0,0,125
71,62,1.0,0,124
71,63,1.0,0,123
71,64,1.0,0,122
71,65,1.0,0,121
71,66,1.0,0,120
71,67,1.0,0,119
71,68,1.0,0,118
72,1,1.0,0,130
72,2,1.0,0,130
72,3,1.0,0,130
72,4,1.0,0,130
72,5,1.0,0,130
72,6,1.0,0,130
72,7,1.0,0,130
72,8,1.0,0,130
72,9,1.0,0,130
72,10,1.0,0,130
72,11,1.0,0,130
72,12,1.0,0,130
72,13,1.0,0,130
72,14,1.0,0,130
72,15,1.0,0,130
72,16,1.0,0,130
72,17,1.0,0,130
72,18,1.0,0,130
72,19,1.0,0,130
72,20,1.0,0,130
72,21,1.0,0,130
72,22,1.0,0,130
72,23,1.0,0,130
72,24,1.0,0,130
72,25,1.0,0,130
72,26,1.0,0,130
72,27,1.0,0,130
72,28,1.0,0,130
72,29,1.0,0,130
72,30,1.0,0,130
72,31,1.0,0,130
72,32,1.0,0,130
72,33,1.0,0,130
72,34,1.0,0,130
72,35,1.0,0,130
72,36,1.0,0,130
72,37,1.0,0,130
72,38,1.0,0,130
72,39,1.0,0,130
72,40,1.0,0,130
72,41,1.0,0,130
72,42,1.0,0,130
72,43,1.0,0,130
72,44,1.0,0,130
72,45,1.0,0,130
72,46,1.0,0,130
72,47,1.0,0,130
72,48,1.0,0,130
72,49,1.0,0,130
72,50,1.0,0,130
72,51,1.0,0,130
72,52,1.0,0,129
72,53,1.0,0,128
72,54,1.0,0,127
72,55,1.0,0,126
72,56,1.0,0,125
72,57,1.0,0,124
72,58,1.0,0,123
72,59,1.0,0,122
72,60,1.0,0,121
72,61,1.0,0,120
72,62,1.0,0,119
72,63,1.0,0,118
72,64,1.0,0,117
72,65,1.0,0,116
72,66,1.0,0,115
72,67,1.0,0,114
72,68,1.0,0,113
72,69,1.0,0,112
72,70,1.0,0,111
72,71,1.0,0,110
72,72,1.0,0,109
72,73,1.0,0,108
72,74,1.0,0,107
72,75,1.0,0,106
72,76,1.0,0,105
72,77,1.0,0,104
72,78,1.0,0,103
72,79,1.0,0,102
72,80,1.0,0,101
72,81,1.0,0,100
72,82,1.0,0,99
72,83,1.0,0,98
72,84,1.0,0,97
72,85,1.0,0,96
72,86,1.0,0,95
72,87,1.0,0,94
72,88,1.0,0,93
72,89,1.0,0,92
72,90,1.0,0,91
72,91,1.0,0,90
72,92,1.0,0,89
72,93,1.0,0,88
72,94,1.0,0,87
72,95,1.0,0,86
72,96,1.0,0,85
72,97,1.0,0,84
72,98,1.0,0,83
72,99,1.0,0,82
72,100,1.0,0,81
72,101,1.0,0,80
72,102,1.0,0,79
72,103,1.0,0,78
72,104,1.0,0,77
72,105,1.0,0,76
72,106,1.0,0,75
72,107,1.0,0,74
72,108,1.0,0,73
72,109,1.0,0,72
72,110,1.0,0,71
72,111,1.0,0,70
72,112,1.0,0,69
72,113,1.0,0,68
72,114,1.0,0,67
72,115,1.0,0,66
72,116,1.0,0,65
72,117,1.0,0,64
72,118,1.0,0,63
72,119,1.0,0,62
72,120,1.0,0,61
72,121,1.0,0,60
72,122,1.0,0,59
72,123,1.0,0,58
72,124,1.0,0,57
72,125,1.0,0,56
72,126,1.0,0,55
72,127,1.0,0,54
72,128,1.0,0,53
72,129,1.0,0,52
72,130,1.0,0,51
72,131,1.0,0,50
73,1,1.0,0,130
73,2,1.0,0,130
73,3,1.0,0,130
73,4,1.0,0,130
73,5,1.0,0,130
73,6,1.0,0,130
73,7,1.0,0,130
73,8,1.0,0,130
73,9,1.0,0,130
73,10,1.0,0,130
73,11,1.0,0,130
73,12,1.0,0,130
73,13,1.0,0,130
73,14,1.0,0,130
73,15,1.0,0,130
73,16,1.0,0,130
73,17,1.0,0,130
73,18,1.0,0,130
73,19,1.0,0,130
73,20,1.0,0,130
73,21,1.0,0,130
73,22,1.0,0,130
73,23,1.0,0,130
73,24,1.0,0,130
73,25,1.0,0,130
73,26,1.0,0,130
73,27,1.0,0,130
73,28,1.0,0,130
73,29,1.0,0,130
73,30,1.0,0,130
73,31,1.0,0,130
73,32,1.0,0,130
73,33,1.0,0,130
73,34,1.0,0,130
73,35,1.0,0,130
73,36,1.0,0,130
73,37,1.0,0,130
73,38,1.0,0,130
73,39,1.0,0,130
73,40,1.0,0,130
73,41,1.0,0,130
73,42,1.0,0,130
73,43,1.0,0,130
73,44,1.0,0,130
73,45,1.0,0,130
73,46,1.0,0,130
73,47,1.0,0,130
73,48,1.0,0,130
73,49,1.0,0,130
73,50,1.0,0,130
73,51,1.0,0,130
73,52,1.0,0,130
73,53,1.0,0,130
73,54,1.0,0,130
73,55,1.0,0,130
73,56,1.0,0,130
73,57,1.0,0,130
73,58,1.0,0,130
73,59,1.0,0,130
73,60,1.0,0,130
73,61,1.0,0,130
73,62,1.0,0,130
73,63,1.0,0,130
73,64,1.0,0,130
73,65,1.0,0,130
73,66,1.0,0,130
73,67,1.0,0,130
73,68,1.0,0,130
73,69,1.0,0,130
73,70,1.0,0,130
73,71,1.0,0,130
73,72,1.0,0,130
73,73,1.0,0,130
73,74,1.0,0,130
73,75,1.0,0,130
73,76,1.0,0,130
73,77,1.0,0,130
73,78,1.0,0,130
73,79,1.0,0,130
73,80,1.0,0,130
73,81,1.0,0,130
73,82,1.0,0,130
73,83,1.0,0,130
73,84,1.0,0,130
73,85,1.0,0,130
73,86,1.0,0,130
73,87,1.0,0,130
73,88,1.0,0,130
73,89,1.0,0,130
73,90,1.0,0,130
73,91,1.0,0,130
73,92,1.0,0,130
73,93,1.0,0,130
73,94,1.0,0,130
73,95,1.0,0,130
73,96,1.0,0,130
73,97,1.0,0,130
73,98,1.0,0,130
73,99,1.0,0,130
73,100,1.0,0,130
73,101,1.0,0,130
73,102,1.0,0,130
73,103,1.0,0,130
73,104,1.0,0,130
73,105,1.0,0,130
73,106,1.0,0,130
73,107,1.0,0,130
73,108,1.0,0,130
73,109,1.0,0,130
73,110,1.0,0,130
73,111,1.0,0,130
73,112,1.0,0,130
74,1,1.0,0,130
74,2,1.0,0,130
74,3,1.0,0,130
74,4,1.0,0,130
74,5,1.0,0,130
74,6,1.0,0,130
74,7,1.0,0,130
74,8,1.0,0,130
74,9,1.0,0,130
74,10,1.0,0,130
74,11,1.0,0,130
74,12,1.0,0,130
74,13,1.0,0,130
74,14,1.0,0,130
74,15,1.0,0,130
74,16,1.0,0,130
74,17,1.0,0,130
74,18,1.0,0,130
74,19,1.0,0,130
74,20,1.0,0,130
74,21,1.0,0,130
74,22,1.0,0,130
74,23,1.0,0,130
74,24,1.0,0,130
74,25,1.0,0,130
74,26,1.0,0,130
74,27,1.0,0,130
74,28,1.0,0,130
74,29,1.0,0,130
74,30,1.0,0,130
74,31,1.0,0,130
74,32,1.0,0,130
74,33,1.0,0,130
74,34,1.0,0,130
74,35,1.0,0,130
74,36,1.0,0,130
74,37,1.0,0,130
74,38,1.0,0,130
74,39,1.0,0,130
74,40,1.0,0,130
74,41,1.0,0,130
74,42,1.0,0,130
74,43,1.0,0,130
74,44,1.0,0,130
74,45,1.0,0,130
74,46,1.0,0,130
74,47,1.0,0,130
74,48,1.0,0,130
74,49,1.0,0,130
74,50,1.0,0,130
74,51,1.0,0,130
74,52,1.0,0,130
74,53,1.0,0,130
74,54,1.0,0,130
74,55,1.0,0,130
74,56,1.0,0,130
74,57,1.0,0,130
74,58,1.0,0,130
74,59,1.0,0,130
74,60,1.0,0,130
74,61,1.0,0,130
74,62,1.0,0,130
74,63,1.0,0,130
74,64,1.0,0,130
74,65,1.0,0,130
74,66,1.0,0,130
74,67,1.0,0,130
74,68,1.0,0,130
74,69,1.0,0,130
74,70,1.0,0,130
74,71,1.0,0,130
74,72,1.0,0,130
74,73,1.0,0,130
74,74,1.0,0,130
74,75,1.0,0,130
74,76,1.0,0,130
74,77,1.0,0,130
74,78,1.0,0,130
74,79,1.0,0,130
74,80,1.0,0,130
74,81,1.0,0,130
74,82,1.0,0,130
74,83,1.0,0,130
74,84,1.0,0,130
74,85,1.0,0,130
74,86,1.0,0,130
74,87,1.0,0,130
74,88,1.0,0,130
74,89,1.0,0,130
74,90,1.0,0,130
74,91,1.0,0,130
74,92,1.0,0,130
74,93,1.0,0,130
74,94,1.0,0,130
74,95,1.0,0,130
74,96,1.0,0,130
74,97,1.0,0,130
74,98,1.0,0,130
74,99,1.0,0,130
74,100,1.0,0,130
74,101,1.0,0,130
74,102,1.0,0,130
74,103,1.0,0,130
74,104,1.0,0,130
74,105,1.0,0,130
74,106,1.0,0,130
74,107,1.0,0,130
74,108,1.0,0,130
74,109,1.0,0,130
74,110,1.0,0,130
74,111,1.0,0,130
74,112,1.0,0,130
74,113,1.0,0,130
74,114,1.0,0,130
74,115,1.0,0,130
74,116,1.0,0,130
74,117,1.0,0,130
74,118,1.0,0,130
74,119,1.0,0,130
74,120,1.0,0,130
74,121,1.0,0,130
74,122,1.0,0,130
74,123,1.0,0,130
74,124,1.0,0,130
74,125,1.0,0,130
74,126,1.0,0,130
74,127,1.0,0,130
74,128,1.0,0,130
74,129,1.0,0,130
74,130,1.0,0,130
74,131,1.0,0,130
74,132,1.0,0,130
74,133,1.0,0,130
74,134,1.0,0,129
74,135,1.0,0,128
74,136,1.0,0,127
74,137,1.0,0,126
75,1,1.0,0,130
75,2,1.0,0,130
75,3,1.0,0,130
75,4,1.0,0,130
75,5,1.0,0,130
75,6,1.0,0,130
75,7,1.0,0,130
75,8,1.0,0,130
75,9,1.0,0,130
75,10,1.0,0,130
75,11,1.0,0,130
75,12,1.0,0,130
75,13,1.0,0,130
75,14,1.0,0,130
75,15,1.0,0,130
75,16,1.0,0,130
75,17,1.0,0,130
75,18,1.0,0,130
75,19,1.0,0,130
75,20,1.0,0,130
75,21,1.0,0,130
75,22,1.0,0,130
75,23,1.0,0,130
75,24,1.0,0,130
75,25,1.0,0,130
75,26,1.0,0,130
75,27,1.0,0,130
75,28,1.0,0,130
75,29,1.0,0,130
75,30,1.0,0,130
75,31,1.0,0,130
75,32,1.0,0,130
75,33,1.0,0,130
75,34,1.0,0,130
75,35,1.0,0,130
75,36,1.0,0,130
75,37,1.0,0,130
75,38,1.0,0,130
75,39,1.0,0,130
75,40,1.0,0,130
75,41,1.0,0,130
75,42,1.0,0,130
75,43,1.0,0,130
75,44,1.0,0,130
75,45,1.0,0,130
75,46,1.0,0,130
75,47,1.0,0,130
75,48,1.0,0,130
75,49,1.0,0,130
75,50,1.0,0,130
75,51,1.0,0,130
75,52,1.0,0,130
75,53,1.0,0,130
75,54,1.0,0,130
75,55,1.0,0,130
75,56,1.0,0,130
75,57,1.0,0,130
75,58,1.0,0,130
75,59,1.0,0,130
75,60,1.0,0,130
75,61,1.0,0,130
75,62,1.0,0,130
75,63,1.0,0,130
75,64,1.0,0,130
75,65,1.0,0,130
75,66,1.0,0,130
75,67,1.0,0,130
75,68,1.0,0,130
75,69,1.0,0,130
75,70,1.0,0,130
75,71,1.0,0,130
75,72,1.0,0,129
75,73,1.0,0,128
75,74,1.0,0,127
75,75,1.0,0,126
75,76,1.0,0,125
75,77,1.0,0,124
75,78,1.0,0,123
75,79,1.0,0,122
75,80,1.0,0,121
75,81,1.0,0,120
75,82,1.0,0,119
75,83,1.0,0,118
75,84,1.0,0,117
75,85,1.0,0,116
75,86,1.0,0,115
75,87,1.0,0,114
75,88,1.0,0,113
76,1,1.0,0,130
76,2,1.0,0,130
76,3,1.0,0,130
76,4,1.0,0,130
76,5,1.0,0,130
76,6,1.0,0,130
76,7,1.0,0,130
76,8,1.0,0,130
76,9,1.0,0,130
76,10,1.0,0,130
76,11,1.0,0,130
76,12,1.0,0,130
76,13,1.0,0,130
76,14,1.0,0,130
76,15,1.0,0,130
76,16,1.0,0,130
76,17,1.0,0,130
76,18,1.0,0,130
76,19,1.0,0,130
76,20,1.0,0,130
76,21,1.0,0,130
76,22,1.0,0,130
76,23,1.0,0,130
76,24,1.0,0,130
76,25,1.0,0,130
76,26,1.0,0,130
76,27,1.0,0,130
76,28,1.0,0,130
76,29,1.0,0,130
76,30,1.0,0,130
76,31,1.0,0,130
76,32,1.0,0,130
76,33,1.0,0,130
76,34,1.0,0,130
76,35,1.0,0,130
76,36,1.0,0,130
76,37,1.0,0,130
76,38,1.0,0,130
76,39,1.0,0,130
76,40,1.0,0,130
76,41,1.0,0,130
76,42,1.0,0,130
76,43,1.0,0,130
76,44,1.0,0,130
76,45,1.0,0,130
76,46,1.0,0,130
76,47,1.0,0,130
76,48,1.0,0,130
76,49,1.0,0,130
76,50,1.0,0,130
76,51,1.0,0,130
76,52,1.0,0,130
76,53,1.0,0,130
76,54,1.0,0,130
76,55,1.0,0,130
76,56,1.0,0,130
76,57,1.0,0,130
76,58,1.0,0,130
76,59,1.0,0,130
76,60,1.0,0,130
76,61,1.0,0,130
76,62,1.0,0,130
76,63,1.0,0,130
76,64,1.0,0,130
76,65,1.0,0,130
76,66,1.0,0,130
76,67,1.0,0,130
76,68,1.0,0,130
76,69,1.0,0,130
76,70,1.0,0,130
76,71,1.0,0,130
76,72,1.0,0,130
76,73,1.0,0,130
76,74,1.0,0,130
76,75,1.0,0,130
76,76,1.0,0,130
76,77,1.0,0,130
76,78,1.0,0,130
76,79,1.0,0,130
76,80,1.0,0,130
76,81,1.0,0,130
76,82,1.0,0,130
76,83,1.0,0,130
76,84,1.0,0,130
76,85,1.0,0,130
76,86,1.0,0,129
76,87,1.0,0,128
76,88,1.0,0,127
76,89,1.0,0,126
76,90,1.0,0,125
76,91,1.0,0,124
76,92,1.0,0,123
76,93,1.0,0,122
76,94,1.0,0,121
76,95,1.0,0,120
76,96,1.0,0,119
76,97,1.0,0,118
76,98,1.0,0,117
76,99,1.0,0,116
76,100,1.0,0,115
76,101,1.0,0,114
76,102,1.0,0,113
76,103,1.0,0,112
76,104,1.0,0,111
76,105,1.0,0,110
76,106,1.0,0,109
76,107,1.0,0,108
76,108,1.0,0,107
76,109,1.0,0,106
76,110,1.0,0,105
76,111,1.0,0,104
76,112,1.0,0,103
76,113,1.0,0,102
76,114,1.0,0,101
76,115,1.0,0,100
76,116,1.0,0,99
76,117,1.0,0,98
76,118,1.0,0,97
76,119,1.0,0,96
76,120,1.0,0,95
76,121,1.0,0,94
76,122,1.0,0,93
76,123,1.0,0,92
76,124,1.0,0,91
76,125,1.0,0,90
76,126,1.0,0,89
76,127,1.0,0,88
76,128,1.0,0,87
76,129,1.0,0,86
76,130,1.0,0,85
76,131,1.0,0,84
76,132,1.0,0,83
76,133,1.0,0,82
76,134,1.0,0,81
76,135,1.0,0,80
76,136,1.0,0,79
76,137,1.0,0,78
76,138,1.0,0,77
76,139,1.0,0,76
76,140,1.0,0,75
76,141,1.0,0,74
76,142,1.0,0,73
76,143,1.0,1,72
76,144,1.0,1,71
76,145,1.0,0,70
76,146,1.0,1,69
76,147,1.0,0,68
76,148,1.0,0,67
76,149,1.0,0,66
76,150,1.0,1,65
76,151,1.0,0,64
76,152,1.0,1,63
76,153,1.0,1,62
76,154,1.0,1,61
76,155,1.0,1,60
76,156,1.0,1,59
76,157,1.0,1,58
76,158,1.0,1,57
76,159,1.0,1,56
76,160,1.0,1,55
76,161,1.0,1,54
76,162,1.0,1,53
76,163,1.0,1,52
76,164,1.0,1,51
76,165,1.0,1,50
76,166,1.0,1,49
76,167,1.0,1,48
76,168,1.0,1,47
76,169,1.0,1,46
76,170,1.0,1,45
76,171,1.0,1,44
76,172,1.0,1,43
76,173,1.0,1,42
76,174,1.0,1,41
76,175,1.0,1,40
76,176,1.0,1,39
76,177,1.0,1,38
76,178,1.0,1,37
76,179,1.0,1,36
76,180,1.0,1,35
76,181,1.0,1,34
76,182,1.0,1,33
76,183,1.0,1,32
76,184,1.0,1,31
76,185,1.0,1,30
76,186,1.0,1,29
76,187,1.0,1,28
76,188,1.0,1,27
76,189,1.0,1,26
76,190,1.0,1,25
76,191,1.0,2,24
76,192,1.0,2,23
76,193,1.0,2,22
76,194,1.0,2,21
76,195,1.0,2,20
76,196,1.0,2,19
76,197,1.0,2,18
76,198,1.0,2,17
76,199,1.0,2,16
76,200,1.0,2,15
76,201,1.0,2,14
76,202,1.0,2,13
76,203,1.0,2,12
76,204,1.0,2,11
76,205,1.0,2,10
77,1,1.0,0,130
77,2,1.0,0,130
77,3,1.0,0,130
77,4,1.0,0,130
77,5,1.0,0,130
77,6,1.0,0,130
77,7,1.0,0,130
77,8,1.0,0,130
77,9,1.0,0,130
77,10,1.0,0,130
77,11,1.0,0,130
77,12,1.0,0,130
77,13,1.0,0,130
77,14,1.0,0,130
77,15,1.0,0,130
77,16,1.0,0,130
77,17,1.0,0,130
77,18,1.0,0,130
77,19,1.0,0,130
77,20,1.0,0,130
77,21,1.0,0,130
77,22,1.0,0,130
77,23,1.0,0,130
77,24,1.0,0,130
77,25,1.0,0,130
77,26,1.0,0,130
77,27,1.0,0,130
77,28,1.0,0,130
77,29,1.0,0,130
77,30,1.0,0,130
77,31,1.0,0,130
77,32,1.0,0,130
77,33,1.0,0,130
77,34,1.0,0,130
77,35,1.0,0,130
77,36,1.0,0,130
77,37,1.0,0,130
77,38,1.0,0,130
77,39,1.0,0,130
77,40,1.0,0,130
77,41,1.0,0,130
77,42,1.0,0,130
77,43,1.0,0,130
77,44,1.0,0,130
77,45,1.0,0,130
77,46,1.0,0,130
77,47,1.0,0,130
77,48,1.0,0,130
77,49,1.0,0,130
77,50,1.0,0,130
77,51,1.0,0,130
77,52,1.0,0,130
77,53,1.0,0,130
77,54,1.0,0,130
77,55,1.0,0,130
77,56,1.0,0,130
77,57,1.0,0,130
77,58,1.0,0,130
77,59,1.0,0,130
77,60,1.0,0,130
77,61,1.0,0,130
77,62,1.0,0,130
77,63,1.0,0,130
77,64,1.0,0,130
77,65,1.0,0,130
77,66,1.0,0,130
77,67,1.0,0,129
77,68,1.0,0,128
77,69,1.0,0,127
77,70,1.0,0,126
77,71,1.0,0,125
77,72,1.0,0,124
77,73,1.0,0,123
77,74,1.0,0,122
77,75,1.0,0,121
77,76,1.0,0,120
77,77,1.0,0,119
77,78,1.0,0,118
77,79,1.0,0,117
77,80,1.0,0,116
77,81,1.0,0,115
77,82,1.0,0,114
77,83,1.0,0,113
77,84,1.0,0,112
77,85,1.0,0,111
77,86,1.0,0,110
77,87,1.0,0,109
77,88,1.0,0,108
77,89,1.0,0,107
77,90,1.0,0,106
77,91,1.0,0,105
77,92,1.0,0,104
77,93,1.0,0,103
77,94,1.0,0,102
77,95,1.0,0,101
77,96,1.0,0,100
77,97,1.0,0,99
77,98,1.0,0,98
77,99,1.0,0,97
77,100,1.0,0,96
77,101,1.0,0,95
77,102,1.0,0,94
77,103,1.0,0,93
77,104,1.0,0,92
77,105,1.0,0,91
77,106,1.0,0,90
77,107,1.0,0,89
77,108,1.0,0,88
77,109,1.0,0,87
77,110,1.0,0,86
77,111,1.0,0,85
77,112,1.0,0,84
77,113,1.0,0,83
77,114,1.0,0,82
77,115,1.0,0,81
77,116,1.0,0,80
77,117,1.0,0,79
77,118,1.0,0,78
77,119,1.0,0,77
77,120,1.0,0,76
77,121,1.0,0,75
77,122,1.0,0,74
77,123,1.0,0,73
77,124,1.0,0,72
77,125,1.0,0,71
77,126,1.0,0,70
77,127,1.0,0,69
77,128,1.0,0,68
77,129,1.0,0,67
77,130,1.0,0,66
77,131,1.0,0,65
77,132,1.0,0,64
77,133,1.0,0,63
77,134,1.0,0,62
77,135,1.0,0,61
77,136,1.0,0,60
77,137,1.0,0,59
77,138,1.0,0,58
77,139,1.0,0,57
77,140,1.0,0,56
77,141,1.0,0,55
77,142,1.0,0,54
77,143,1.0,0,53
77,144,1.0,0,52
77,145,1.0,0,51
77,146,1.0,0,50
77,147,1.0,0,49
77,148,1.0,0,48
77,149,1.0,1,47
77,150,1.0,0,46
77,151,1.0,0,45
77,152,1.0,1,44
77,153,1.0,0,43
77,154,1.0,1,42
77,155,1.0,1,41
77,156,1.0,1,40
77,157,1.0,1,39
77,158,1.0,1,38
77,159,1.0,1,37
77,160,1.0,1,36
77,161,1.0,1,35
77,162,1.0,1,34
78,1,1.0,0,130
78,2,1.0,0,130
78,3,1.0,0,130
78,4,1.0,0,130
78,5,1.0,0,130
78,6,1.0,0,130
78,7,1.0,0,130
78,8,1.0,0,130
78,9,1.0,0,130
78,10,1.0,0,130
78,11,1.0,0,130
78,12,1.0,0,130
78,13,1.0,0,130
78,14,1.0,0,130
78,15,1.0,0,130
78,16,1.0,0,130
78,17,1.0,0,130
78,18,1.0,0,130
78,19,1.0,0,130
78,20,1.0,0,130
78,21,1.0,0,130
78,22,1.0,0,130
78,23,1.0,0,130
78,24,1.0,0,130
78,25,1.0,0,130
78,26,1.0,0,130
78,27,1.0,0,130
78,28,1.0,0,130
78,29,1.0,0,130
78,30,1.0,0,130
78,31,1.0,0,130
78,32,1.0,0,130
78,33,1.0,0,130
78,34,1.0,0,130
78,35,1.0,0,130
78,36,1.0,0,130
78,37,1.0,0,130
78,38,1.0,0,130
78,39,1.0,0,130
78,40,1.0,0,130
78,41,1.0,0,130
78,42,1.0,0,130
78,43,1.0,0,130
78,44,1.0,0,130
78,45,1.0,0,130
78,46,1.0,0,130
78,47,1.0,0,130
78,48,1.0,0,130
78,49,1.0,0,130
78,50,1.0,0,129
78,51,1.0,0,128
78,52,1.0,0,127
78,53,1.0,0,126
78,54,1.0,0,125
78,55,1.0,0,124
78,56,1.0,0,123
78,57,1.0,0,122
78,58,1.0,0,121
78,59,1.0,0,120
78,60,1.0,0,119
78,61,1.0,0,118
78,62,1.0,0,117
78,63,1.0,0,116
78,64,1.0,0,115
78,65,1.0,0,114
78,66,1.0,0,113
78,67,1.0,0,112
78,68,1.0,0,111
78,69,1.0,0,110
78,70,1.0,0,109
78,71,1.0,0,108
78,72,1.0,0,107
79,1,1.0,0,130
79,2,1.0,0,130
79,3,1.0,0,130
79,4,1.0,0,130
79,5,1.0,0,130
79,6,1.0,0,130
79,7,1.0,0,130
79,8,1.0,0,130
79,9,1.0,0,130
79,10,1.0,0,130
79,11,1.0,0,130
79,12,1.0,0,130
79,13,1.0,0,130
79,14,1.0,0,130
79,15,1.0,0,130
79,16,1.0,0,130
79,17,1.0,0,130
79,18,1.0,0,130
79,19,1.0,0,130
79,20,1.0,0,130
79,21,1.0,0,130
79,22,1.0,0,130
79,23,1.0,0,130
79,24,1.0,0,130
79,25,1.0,0,130
79,26,1.0,0,130
79,27,1.0,0,130
79,28,1.0,0,130
79,29,1.0,0,130
79,30,1.0,0,130
79,31,1.0,0,130
79,32,1.0,0,130
79,33,1.0,0,130
79,34,1.0,0,130
79,35,1.0,0,129
79,36,1.0,0,128
79,37,1.0,0,127
79,38,1.0,0,126
79,39,1.0,0,125
79,40,1.0,0,124
79,41,1.0,0,123
79,42,1.0,0,122
79,43,1.0,0,121
79,44,1.0,0,120
79,45,1.0,0,119
79,46,1.0,0,118
79,47,1.0,0,117
79,48,1.0,0,116
79,49,1.0,0,115
79,50,1.0,0,114
79,51,1.0,0,113
79,52,1.0,0,112
79,53,1.0,0,111
79,54,1.0,0,110
79,55,1.0,0,109
79,56,1.0,0,108
79,57,1.0,0,107
79,58,1.0,0,106
79,59,1.0,0,105
79,60,1.0,0,104
79,61,1.0,0,103
79,62,1.0,0,102
79,63,1.0,0,101
79,64,1.0,0,100
79,65,1.0,0,99
79,66,1.0,0,98
79,67,1.0,0,97
79,68,1.0,0,96
79,69,1.0,0,95
79,70,1.0,0,94
79,71,1.0,0,93
79,72,1.0,0,92
79,73,1.0,0,91
79,74,1.0,0,90
79,75,1.0,0,89
79,76,1.0,0,88
79,77,1.0,0,87
79,78,1.0,0,86
79,79,1.0,0,85
79,80,1.0,0,84
79,81,1.0,0,83
79,82,1.0,0,82
79,83,1.0,0,81
79,84,1.0,0,80
79,85,1.0,0,79
79,86,1.0,0,78
79,87,1.0,0,77
79,88,1.0,0,76
79,89,1.0,0,75
79,90,1.0,0,74
79,91,1.0,0,73
79,92,1.0,0,72
79,93,1.0,0,71
79,94,1.0,0,70
79,95,1.0,0,69
79,96,1.0,0,68
79,97,1.0,0,67
79,98,1.0,0,66
79,99,1.0,0,65
79,100,1.0,0,64
79,101,1.0,0,63
80,1,1.0,0,130
80,2,1.0,0,130
80,3,1.0,0,130
80,4,1.0,0,130
80,5,1.0,0,130
80,6,1.0,0,130
80,7,1.0,0,130
80,8,1.0,0,130
80,9,1.0,0,130
80,10,1.0,0,130
80,11,1.0,0,130
80,12,1.0,0,130
80,13,1.0,0,130
80,14,1.0,0,130
80,15,1.0,0,130
80,16,1.0,0,130
80,17,1.0,0,130
80,18,1.0,0,130
80,19,1.0,0,130
80,20,1.0,0,130
80,21,1.0,0,130
80,22,1.0,0,130
80,23,1.0,0,130
80,24,1.0,0,130
80,25,1.0,0,130
80,26,1.0,0,130
80,27,1.0,0,130
80,28,1.0,0,130
80,29,1.0,0,130
80,30,1.0,0,130
80,31,1.0,0,130
80,32,1.0,0,130
80,33,1.0,0,130
80,34,1.0,0,130
80,35,1.0,0,130
80,36,1.0,0,130
80,37,1.0,0,130
80,38,1.0,0,130
80,39,1.0,0,130
80,40,1.0,0,130
80,41,1.0,0,130
80,42,1.0,0,130
80,43,1.0,0,130
80,44,1.0,0,130
80,45,1.0,0,130
80,46,1.0,0,130
80,47,1.0,0,130
80,48,1.0,0,130
80,49,1.0,0,130
80,50,1.0,0,130
80,51,1.0,0,130
80,52,1.0,0,130
80,53,1.0,0,130
80,54,1.0,0,130
80,55,1.0,0,130
80,56,1.0,0,130
80,57,1.0,0,130
80,58,1.0,0,130
80,59,1.0,0,130
80,60,1.0,0,130
80,61,1.0,0,130
80,62,1.0,0,130
80,63,1.0,0,130
80,64,1.0,0,130
80,65,1.0,0,130
80,66,1.0,0,130
80,67,1.0,0,130
80,68,1.0,0,130
80,69,1.0,0,130
80,70,1.0,0,130
80,71,1.0,0,130
80,72,1.0,0,130
80,73,1.0,0,130
80,74,1.0,0,130
80,75,1.0,0,130
80,76,1.0,0,130
80,77,1.0,0,130
80,78,1.0,0,130
80,79,1.0,0,130
80,80,1.0,0,130
80,81,1.0,0,130
80,82,1.0,0,130
80,83,1.0,0,130
80,84,1.0,0,130
80,85,1.0,0,130
80,86,1.0,1,130
80,87,1.0,0,130
80,88,1.0,1,130
80,89,1.0,0,130
80,90,1.0,0,130
80,91,1.0,1,130
80,92,1.0,0,130
80,93,1.0,0,130
80,94,1.0,0,129
80,95,1.0,0,128
80,96,1.0,0,127
80,97,1.0,0,126
80,98,1.0,0,125
80,99,1.0,1,124
80,100,1.0,1,123
80,101,1.0,1,122
80,102,1.0,0,121
80,103,1.0,1,120
80,104,1.0,1,119
80,105,1.0,1,118
80,106,1.0,1,117
80,107,1.0,1,116
80,108,1.0,1,115
80,109,1.0,0,114
80,110,1.0,1,113
80,111,1.0,0,112
80,112,1.0,1,111
80,113,1.0,1,110
80,114,1.0,0,109
80,115,1.0,0,108
80,116,1.0,0,107
80,117,1.0,1,106
80,118,1.0,0,105
80,119,1.0,0,104
80,120,1.0,0,103
80,121,1.0,0,102
80,122,1.0,0,101
80,123,1.0,1,100
80,124,1.0,0,99
80,125,1.0,0,98
80,126,1.0,0,97
80,127,1.0,0,96
80,128,1.0,0,95
80,129,1.0,0,94
80,130,1.0,0,93
80,131,1.0,0,92
80,132,1.0,0,91
80,133,1.0,0,90
81,1,1.0,0,130
81,2,1.0,0,130
81,3,1.0,0,130
81,4,1.0,0,130
81,5,1.0,0,130
81,6,1.0,0,130
81,7,1.0,0,130
81,8,1.0,0,130
81,9,1.0,0,130
81,10,1.0,0,130
81,11,1.0,0,130
81,12,1.0,0,130
81,13,1.0,0,130
81,14,1.0,0,130
81,15,1.0,0,130
81,16,1.0,0,130
81,17,1.0,0,130
81,18,1.0,0,130
81,19,1.0,0,130
81,20,1.0,0,130
81,21,1.0,0,130
81,22,1.0,0,130
81,23,1.0,0,130
81,24,1.0,0,130
81,25,1.0,0,130
81,26,1.0,0,130
81,27,1.0,0,130
81,28,1.0,0,130
81,29,1.0,0,130
81,30,1.0,0,130
81,31,1.0,0,130
81,32,1.0,0,130
81,33,1.0,0,130
81,34,1.0,0,130
81,35,1.0,0,130
81,36,1.0,0,130
81,37,1.0,0,130
81,38,1.0,0,130
81,39,1.0,0,130
81,40,1.0,0,130
81,41,1.0,0,130
81,42,1.0,0,130
81,43,1.0,0,130
81,44,1.0,0,130
81,45,1.0,0,130
81,46,1.0,0,130
81,47,1.0,0,130
81,48,1.0,0,130
81,49,1.0,0,130
81,50,1.0,0,130
81,51,1.0,0,130
81,52,1.0,0,130
81,53,1.0,0,130
81,54,1.0,0,130
81,55,1.0,0,130
81,56,1.0,0,130
81,57,1.0,0,130
81,58,1.0,0,130
81,59,1.0,0,130
81,60,1.0,0,130
81,61,1.0,0,130
81,62,1.0,0,130
81,63,1.0,0,130
81,64,1.0,0,130
81,65,1.0,0,130
81,66,1.0,0,130
81,67,1.0,0,130
81,68,1.0,0,130
81,69,1.0,0,130
81,70,1.0,0,130
81,71,1.0,0,130
81,72,1.0,0,130
81,73,1.0,1,130
81,74,1.0,0,130
81,75,1.0,0,130
81,76,1.0,0,130
81,77,1.0,0,130
81,78,1.0,0,130
81,79,1.0,0,130
81,80,1.0,0,130
81,81,1.0,0,130
81,82,1.0,0,130
81,83,1.0,0,130
81,84,1.0,0,130
81,85,1.0,0,130
81,86,1.0,0,130
81,87,1.0,0,130
81,88,1.0,0,130
81,89,1.0,1,130
81,90,1.0,0,130
81,91,1.0,0,130
81,92,1.0,0,129
81,93,1.0,0,128
81,94,1.0,0,127
81,95,1.0,0,126
81,96,1.0,0,125
81,97,1.0,0,124
81,98,1.0,0,123
81,99,1.0,0,122
81,100,1.0,0,121
81,101,1.0,0,120
81,102,1.0,0,119
81,103,1.0,1,118
81,104,1.0,1,117
81,105,1.0,1,116
81,106,1.0,1,115
81,107,1.0,1,114
81,108,1.0,1,113
81,109,1.0,1,112
81,110,1.0,1,111
81,111,1.0,1,110
81,112,1.0,1,109
81,113,1.0,1,108
81,114,1.0,1,107
81,115,1.0,1,106
81,116,1.0,1,105
81,117,1.0,1,104
81,118,1.0,1,103
81,119,1.0,1,102
81,120,1.0,1,101
81,121,1.0,1,100
81,122,1.0,1,99
81,123,1.0,1,98
81,124,1.0,1,97
81,125,1.0,1,96
81,126,1.0,1,95
81,127,1.0,1,94
81,128,1.0,1,93
81,129,1.0,1,92
81,130,1.0,1,91
81,131,1.0,1,90
81,132,1.0,1,89
81,133,1.0,1,88
81,134,1.0,1,87
81,135,1.0,1,86
81,136,1.0,1,85
81,137,1.0,1,84
81,138,1.0,1,83
81,139,1.0,1,82
81,140,1.0,1,81
81,141,1.0,1,80
81,142,1.0,1,79
81,143,1.0,1,78
81,144,1.0,1,77
81,145,1.0,1,76
81,146,1.0,1,75
81,147,1.0,1,74
81,148,1.0,1,73
81,149,1.0,1,72
81,150,1.0,1,71
81,151,1.0,1,70
81,152,1.0,1,69
81,153,1.0,1,68
81,154,1.0,1,67
81,155,1.0,1,66
81,156,1.0,1,65
81,157,1.0,1,64
81,158,1.0,1,63
81,159,1.0,1,62
81,160,1.0,1,61
81,161,1.0,1,60
81,162,1.0,1,59
81,163,1.0,1,58
81,164,1.0,1,57
81,165,1.0,1,56
81,166,1.0,1,55
81,167,1.0,1,54
81,168,1.0,1,53
81,169,1.0,1,52
81,170,1.0,1,51
81,171,1.0,1,50
81,172,1.0,1,49
81,173,1.0,1,48
81,174,1.0,1,47
81,175,1.0,1,46
81,176,1.0,1,45
81,177,1.0,1,44
81,178,1.0,1,43
81,179,1.0,1,42
81,180,1.0,1,41
81,181,1.0,1,40
81,182,1.0,1,39
81,183,1.0,1,38
81,184,1.0,1,37
81,185,1.0,1,36
81,186,1.0,1,35
81,187,1.0,1,34
81,188,1.0,1,33
81,189,1.0,1,32
81,190,1.0,1,31
81,191,1.0,1,30
81,192,1.0,1,29
81,193,1.0,2,28
81,194,1.0,2,27
81,195,1.0,2,26
81,196,1.0,2,25
81,197,1.0,2,24
81,198,1.0,2,23
81,199,1.0,2,22
81,200,1.0,2,21
81,201,1.0,2,20
81,202,1.0,2,19
81,203,1.0,2,18
81,204,1.0,2,17
81,205,1.0,2,16
81,206,1.0,2,15
81,207,1.0,2,14
81,208,1.0,2,13
81,209,1.0,2,12
81,210,,3,11
81,211,,3,10
81,212,,3,9
81,213,,3,8
82,1,1.0,0,130
82,2,1.0,0,130
82,3,1.0,0,130
82,4,1.0,0,130
82,5,1.0,0,130
82,6,1.0,0,130
82,7,1.0,0,130
82,8,1.0,0,130
82,9,1.0,0,130
82,10,1.0,0,130
82,11,1.0,0,130
82,12,1.0,0,130
82,13,1.0,0,130
82,14,1.0,0,130
82,15,1.0,0,130
82,16,1.0,0,130
82,17,1.0,0,130
82,18,1.0,0,130
82,19,1.0,0,130
82,20,1.0,0,130
82,21,1.0,0,130
82,22,1.0,0,130
82,23,1.0,0,130
82,24,1.0,0,130
82,25,1.0,0,130
82,26,1.0,0,130
82,27,1.0,0,130
82,28,1.0,0,130
82,29,1.0,0,130
82,30,1.0,0,130
82,31,1.0,0,130
82,32,1.0,0,130
82,33,1.0,0,130
82,34,1.0,0,130
82,35,1.0,0,130
82,36,1.0,0,130
82,37,1.0,0,130
82,38,1.0,0,130
82,39,1.0,0,130
82,40,1.0,0,130
82,41,1.0,0,130
82,42,1.0,0,129
82,43,1.0,0,128
82,44,1.0,0,127
82,45,1.0,0,126
82,46,1.0,0,125
82,47,1.0,0,124
82,48,1.0,0,123
82,49,1.0,0,122
82,50,1.0,0,121
82,51,1.0,0,120
82,52,1.0,0,119
82,53,1.0,0,118
82,54,1.0,0,117
82,55,1.0,0,116
82,56,1.0,0,115
82,57,1.0,0,114
82,58,1.0,0,113
82,59,1.0,0,112
82,60,1.0,0,111
82,61,1.0,0,110
82,62,1.0,0,109
82,63,1.0,0,108
82,64,1.0,0,107
82,65,1.0,0,106
82,66,1.0,0,105
82,67,1.0,0,104
82,68,1.0,0,103
82,69,1.0,0,102
82,70,1.0,0,101
82,71,1.0,0,100
82,72,1.0,0,99
82,73,1.0,0,98
82,74,1.0,0,97
82,75,1.0,0,96
82,76,1.0,0,95
82,77,1.0,0,94
82,78,1.0,0,93
82,79,1.0,0,92
82,80,1.0,0,91
82,81,1.0,0,90
82,82,1.0,0,89
82,83,1.0,0,88
82,84,1.0,0,87
82,85,1.0,0,86
82,86,1.0,0,85
82,87,1.0,0,84
82,88,1.0,0,83
82,89,1.0,0,82
82,90,1.0,0,81
82,91,1.0,0,80
82,92,1.0,0,79
82,93,1.0,0,78
82,94,1.0,0,77
82,95,1.0,0,76
82,96,1.0,0,75
82,97,1.0,0,74
82,98,1.0,0,73
82,99,1.0,0,72
82,100,1.0,0,71
82,101,1.0,0,70
82,102,1.0,0,69
82,103,1.0,0,68
82,104,1.0,0,67
82,105,1.0,0,66
82,106,1.0,0,65
82,107,1.0,0,64
82,108,1.0,0,63
82,109,1.0,0,62
82,110,1.0,0,61
82,111,1.0,1,60
82,112,1.0,1,59
82,113,1.0,1,58
82,114,1.0,0,57
82,115,1.0,0,56
82,116,1.0,0,55
82,117,1.0,0,54
82,118,1.0,0,53
82,119,1.0,0,52
82,120,1.0,0,51
82,121,1.0,0,50
82,122,1.0,0,49
82,123,1.0,0,48
82,124,1.0,0,47
82,125,1.0,1,46
82,126,1.0,0,45
82,127,1.0,0,44
82,128,1.0,0,43
82,129,1.0,0,42
82,130,1.0,0,41
82,131,1.0,0,40
82,132,1.0,0,39
82,133,1.0,0,38
82,134,1.0,0,37
82,135,1.0,0,36
82,136,1.0,0,35
82,137,1.0,0,34
82,138,1.0,0,33
82,139,1.0,0,32
82,140,1.0,1,31
82,141,1.0,0,30
82,142,1.0,1,29
82,143,1.0,1,28
82,144,1.0,1,27
82,145,1.0,1,26
82,146,1.0,1,25
82,147,1.0,1,24
82,148,1.0,1,23
82,149,1.0,1,22
82,150,1.0,2,21
82,151,1.0,2,20
82,152,1.0,2,19
82,153,1.0,1,18
82,154,1.0,2,17
82,155,1.0,2,16
82,156,1.0,2,15
82,157,1.0,1,14
82,158,1.0,2,13
82,159,1.0,2,12
82,160,1.0,2,11
82,161,,3,10
82,162,,3,9
83,1,1.0,0,130
83,2,1.0,0,130
83,3,1.0,0,130
83,4,1.0,0,130
83,5,1.0,0,130
83,6,1.0,0,130
83,7,1.0,0,130
83,8,1.0,0,130
83,9,1.0,0,130
83,10,1.0,0,130
83,11,1.0,0,130
83,12,1.0,0,130
83,13,1.0,0,130
83,14,1.0,0,130
83,15,1.0,0,130
83,16,1.0,0,130
83,17,1.0,0,130
83,18,1.0,0,130
83,19,1.0,0,130
83,20,1.0,0,130
83,21,1.0,0,130
83,22,1.0,0,130
83,23,1.0,0,130
83,24,1.0,0,130
83,25,1.0,0,130
83,26,1.0,0,130
83,27,1.0,0,130
83,28,1.0,0,130
83,29,1.0,0,130
83,30,1.0,0,130
83,31,1.0,0,130
83,32,1.0,0,130
83,33,1.0,0,130
83,34,1.0,0,130
83,35,1.0,0,130
83,36,1.0,0,130
83,37,1.0,0,130
83,38,1.0,0,130
83,39,1.0,0,130
83,40,1.0,0,130
83,41,1.0,0,130
83,42,1.0,0,130
83,43,1.0,0,130
83,44,1.0,0,130
83,45,1.0,0,130
83,46,1.0,0,130
83,47,1.0,0,130
83,48,1.0,0,130
83,49,1.0,0,130
83,50,1.0,0,130
83,51,1.0,0,130
83,52,1.0,0,130
83,53,1.0,0,130
83,54,1.0,0,130
83,55,1.0,0,130
83,56,1.0,0,130
83,57,1.0,0,130
83,58,1.0,0,130
83,59,1.0,0,130
83,60,1.0,0,130
83,61,1.0,0,130
83,62,1.0,0,130
83,63,1.0,0,130
83,64,1.0,0,130
83,65,1.0,0,130
83,66,1.0,0,130
83,67,1.0,0,130
83,68,1.0,0,130
83,69,1.0,0,130
83,70,1.0,0,130
83,71,1.0,0,130
83,72,1.0,0,130
83,73,1.0,0,130
84,1,1.0,0,130
84,2,1.0,0,130
84,3,1.0,0,130
84,4,1.0,0,130
84,5,1.0,0,130
84,6,1.0,0,130
84,7,1.0,0,130
84,8,1.0,0,130
84,9,1.0,0,130
84,10,1.0,0,130
84,11,1.0,0,130
84,12,1.0,0,130
84,13,1.0,0,130
84,14,1.0,0,130
84,15,1.0,0,130
84,16,1.0,0,130
84,17,1.0,0,130
84,18,1.0,0,130
84,19,1.0,0,130
84,20,1.0,0,130
84,21,1.0,0,130
84,22,1.0,0,130
84,23,1.0,0,130
84,24,1.0,0,130
84,25,1.0,0,130
84,26,1.0,0,130
84,27,1.0,0,130
84,28,1.0,0,130
84,29,1.0,0,130
84,30,1.0,0,130
84,31,1.0,0,130
84,32,1.0,0,130
84,33,1.0,0,130
84,34,1.0,0,130
84,35,1.0,0,130
84,36,1.0,0,130
84,37,1.0,0,130
84,38,1.0,0,130
84,39,1.0,0,130
84,40,1.0,0,130
84,41,1.0,0,130
84,42,1.0,0,130
84,43,1.0,0,130
84,44,1.0,0,130
84,45,1.0,0,130
84,46,1.0,0,130
84,47,1.0,0,130
84,48,1.0,0,130
84,49,1.0,0,130
84,50,1.0,0,130
84,51,1.0,0,130
84,52,1.0,0,130
84,53,1.0,0,130
84,54,1.0,0,130
84,55,1.0,0,130
84,56,1.0,0,130
84,57,1.0,0,130
84,58,1.0,0,130
84,59,1.0,0,130
84,60,1.0,0,130
84,61,1.0,0,130
84,62,1.0,0,130
84,63,1.0,0,130
84,64,1.0,0,130
84,65,1.0,0,130
84,66,1.0,0,130
84,67,1.0,0,130
84,68,1.0,0,130
84,69,1.0,0,130
84,70,1.0,0,130
84,71,1.0,0,130
84,72,1.0,0,130
84,73,1.0,0,130
84,74,1.0,0,130
84,75,1.0,0,130
84,76,1.0,0,130
84,77,1.0,0,130
84,78,1.0,0,130
84,79,1.0,0,130
84,80,1.0,0,130
84,81,1.0,0,130
84,82,1.0,0,130
84,83,1.0,0,130
84,84,1.0,0,130
84,85,1.0,0,130
84,86,1.0,0,130
84,87,1.0,0,130
84,88,1.0,0,130
84,89,1.0,0,130
84,90,1.0,0,130
84,91,1.0,0,130
84,92,1.0,0,130
84,93,1.0,0,130
84,94,1.0,0,130
84,95,1.0,0,130
84,96,1.0,0,130
84,97,1.0,0,130
84,98,1.0,0,130
84,99,1.0,0,130
84,100,1.0,0,130
84,101,1.0,0,129
84,102,1.0,0,128
84,103,1.0,0,127
84,104,1.0,0,126
84,105,1.0,0,125
84,106,1.0,0,124
84,107,1.0,0,123
84,108,1.0,0,122
84,109,1.0,0,121
84,110,1.0,0,120
84,111,1.0,0,119
84,112,1.0,0,118
84,113,1.0,0,117
84,114,1.0,0,116
84,115,1.0,0,115
84,116,1.0,0,114
84,117,1.0,0,113
84,118,1.0,0,112
84,119,1.0,0,111
84,120,1.0,0,110
84,121,1.0,0,109
84,122,1.0,0,108
84,123,1.0,0,107
84,124,1.0,0,106
84,125,1.0,0,105
84,126,1.0,0,104
84,127,1.0,0,103
84,128,1.0,0,102
84,129,1.0,0,101
84,130,1.0,0,100
84,131,1.0,0,99
84,132,1.0,0,98
84,133,1.0,0,97
84,134,1.0,0,96
84,135,1.0,0,95
84,136,1.0,0,94
84,137,1.0,0,93
84,138,1.0,0,92
84,139,1.0,0,91
84,140,1.0,0,90
84,141,1.0,0,89
84,142,1.0,0,88
84,143,1.0,0,87
84,144,1.0,0,86
84,145,1.0,0,85
84,146,1.0,0,84
84,147,1.0,0,83
84,148,1.0,0,82
84,149,1.0,0,81
84,150,1.0,0,80
84,151,1.0,0,79
84,152,1.0,0,78
84,153,1.0,0,77
84,154,1.0,0,76
84,155,1.0,0,75
84,156,1.0,0,74
84,157,1.0,0,73
84,158,1.0,0,72
84,159,1.0,1,71
84,160,1.0,1,70
84,161,1.0,1,69
84,162,1.0,1,68
84,163,1.0,1,67
84,164,1.0,1,66
84,165,1.0,1,65
84,166,1.0,1,64
84,167,1.0,1,63
84,168,1.0,0,62
84,169,1.0,0,61
84,170,1.0,0,60
84,171,1.0,1,59
84,172,1.0,1,58
85,1,1.0,0,130
85,2,1.0,0,130
85,3,1.0,0,130
85,4,1.0,0,130
85,5,1.0,0,130
85,6,1.0,0,130
85,7,1.0,0,130
85,8,1.0,0,130
85,9,1.0,0,130
85,10,1.0,0,130
85,11,1.0,0,130
85,12,1.0,0,130
85,13,1.0,0,130
85,14,1.0,0,130
85,15,1.0,0,130
85,16,1.0,0,130
85,17,1.0,0,130
85,18,1.0,0,130
85,19,1.0,0,130
85,20,1.0,0,130
85,21,1.0,0,130
85,22,1.0,0,130
85,23,1.0,0,129
85,24,1.0,0,128
85,25,1.0,0,127
85,26,1.0,0,126
85,27,1.0,0,125
85,28,1.0,0,124
85,29,1.0,0,123
85,30,1.0,0,122
85,31,1.0,0,121
85,32,1.0,0,120
85,33,1.0,0,119
85,34,1.0,0,118
86,1,1.0,0,130
86,2,1.0,0,130
86,3,1.0,0,130
86,4,1.0,0,130
86,5,1.0,0,130
86,6,1.0,0,130
86,7,1.0,0,130
86,8,1.0,0,130
86,9,1.0,0,130
86,10,1.0,0,130
86,11,1.0,0,130
86,12,1.0,0,130
86,13,1.0,0,130
86,14,1.0,0,130
86,15,1.0,0,130
86,16,1.0,0,130
86,17,1.0,0,130
86,18,1.0,0,130
86,19,1.0,0,130
86,20,1.0,0,130
86,21,1.0,0,130
86,22,1.0,0,130
86,23,1.0,0,130
86,24,1.0,0,130
86,25,1.0,0,130
86,26,1.0,0,130
86,27,1.0,0,130
86,28,1.0,0,130
86,29,1.0,0,130
86,30,1.0,0,130
86,31,1.0,0,130
86,32,1.0,0,130
86,33,1.0,0,130
86,34,1.0,0,130
86,35,1.0,0,130
86,36,1.0,0,130
86,37,1.0,0,130
86,38,1.0,0,130
86,39,1.0,0,130
86,40,1.0,0,130
86,41,1.0,0,130
86,42,1.0,0,130
86,43,1.0,0,130
86,44,1.0,0,130
86,45,1.0,0,130
86,46,1.0,0,130
86,47,1.0,0,130
86,48,1.0,0,130
86,49,1.0,0,130
86,50,1.0,0,130
86,51,1.0,0,130
86,52,1.0,0,130
86,53,1.0,0,130
86,54,1.0,0,130
86,55,1.0,0,130
86,56,1.0,0,130
86,57,1.0,0,130
86,58,1.0,0,130
86,59,1.0,0,130
86,60,1.0,0,130
86,61,1.0,0,130
86,62,1.0,0,130
86,63,1.0,0,130
86,64,1.0,0,130
86,65,1.0,0,130
86,66,1.0,0,130
86,67,1.0,0,130
86,68,1.0,0,130
86,69,1.0,0,130
86,70,1.0,0,129
86,71,1.0,0,128
86,72,1.0,0,127
86,73,1.0,0,126
86,74,1.0,0,125
86,75,1.0,0,124
86,76,1.0,0,123
86,77,1.0,0,122
86,78,1.0,0,121
86,79,1.0,0,120
86,80,1.0,0,119
86,81,1.0,0,118
86,82,1.0,0,117
86,83,1.0,0,116
86,84,1.0,0,115
86,85,1.0,0,114
86,86,1.0,0,113
86,87,1.0,0,112
86,88,1.0,0,111
86,89,1.0,0,110
86,90,1.0,0,109
86,91,1.0,0,108
86,92,1.0,0,107
86,93,1.0,0,106
86,94,1.0,0,105
86,95,1.0,0,104
86,96,1.0,0,103
86,97,1.0,0,102
86,98,1.0,0,101
86,99,1.0,0,100
86,100,1.0,0,99
86,101,1.0,0,98
86,102,1.0,0,97
86,103,1.0,0,96
86,104,1.0,0,95
86,105,1.0,0,94
86,106,1.0,0,93
86,107,1.0,0,92
86,108,1.0,0,91
86,109,1.0,0,90
86,110,1.0,0,89
87,1,1.0,0,130
87,2,1.0,0,130
87,3,1.0,0,130
87,4,1.0,0,130
87,5,1.0,0,130
87,6,1.0,0,130
87,7,1.0,0,130
87,8,1.0,0,130
87,9,1.0,0,130
87,10,1.0,0,130
87,11,1.0,0,130
87,12,1.0,0,130
87,13,1.0,0,130
87,14,1.0,0,130
87,15,1.0,0,130
87,16,1.0,0,130
87,17,1.0,0,130
87,18,1.0,0,130
87,19,1.0,0,130
87,20,1.0,0,130
87,21,1.0,0,130
87,22,1.0,0,130
87,23,1.0,0,130
87,24,1.0,0,130
87,25,1.0,0,130
87,26,1.0,0,130
87,27,1.0,0,130
87,28,1.0,0,130
87,29,1.0,0,130
87,30,1.0,0,130
87,31,1.0,0,130
87,32,1.0,0,130
87,33,1.0,0,130
87,34,1.0,0,130
87,35,1.0,0,130
87,36,1.0,0,130
87,37,1.0,0,130
87,38,1.0,0,130
87,39,1.0,0,130
87,40,1.0,0,130
87,41,1.0,0,130
87,42,1.0,0,130
87,43,1.0,0,129
87,44,1.0,0,128
87,45,1.0,0,127
87,46,1.0,0,126
87,47,1.0,0,125
87,48,1.0,0,124
87,49,1.0,0,123
87,50,1.0,0,122
87,51,1.0,0,121
87,52,1.0,0,120
87,53,1.0,0,119
87,54,1.0,0,118
87,55,1.0,0,117
87,56,1.0,0,116
88,1,1.0,0,130
88,2,1.0,0,130
88,3,1.0,0,130
88,4,1.0,0,130
88,5,1.0,0,130
88,6,1.0,0,130
88,7,1.0,0,130
88,8,1.0,0,130
88,9,1.0,0,130
88,10,1.0,0,130
88,11,1.0,0,130
88,12,1.0,0,130
88,13,1.0,0,130
88,14,1.0,0,130
88,15,1.0,0,130
88,16,1.0,0,130
88,17,1.0,0,130
88,18,1.0,0,130
88,19,1.0,0,130
88,20,1.0,0,130
88,21,1.0,0,130
88,22,1.0,0,130
88,23,1.0,0,130
88,24,1.0,0,130
88,25,1.0,0,130
88,26,1.0,0,130
88,27,1.0,0,130
88,28,1.0,0,130
88,29,1.0,0,130
88,30,1.0,0,130
88,31,1.0,0,130
88,32,1.0,0,130
88,33,1.0,0,130
88,34,1.0,0,130
88,35,1.0,0,130
88,36,1.0,0,130
88,37,1.0,0,130
88,38,1.0,0,130
88,39,1.0,0,130
88,40,1.0,0,130
88,41,1.0,0,130
88,42,1.0,0,130
88,43,1.0,0,130
88,44,1.0,0,130
88,45,1.0,0,130
88,46,1.0,0,130
88,47,1.0,0,130
88,48,1.0,0,130
88,49,1.0,0,130
88,50,1.0,0,130
88,51,1.0,0,130
88,52,1.0,0,130
88,53,1.0,0,130
88,54,1.0,0,129
88,55,1.0,0,128
88,56,1.0,0,127
88,57,1.0,0,126
88,58,1.0,0,125
88,59,1.0,0,124
88,60,1.0,0,123
88,61,1.0,0,122
88,62,1.0,0,121
88,63,1.0,0,120
88,64,1.0,0,119
88,65,1.0,0,118
88,66,1.0,0,117
88,67,1.0,0,116
88,68,1.0,0,115
89,1,1.0,0,130
89,2,1.0,0,130
89,3,1.0,0,130
89,4,1.0,0,130
89,5,1.0,0,130
89,6,1.0,0,130
89,7,1.0,0,130
89,8,1.0,0,130
89,9,1.0,0,130
89,10,1.0,0,130
89,11,1.0,0,130
89,12,1.0,0,130
89,13,1.0,0,130
89,14,1.0,0,130
89,15,1.0,0,130
89,16,1.0,0,130
89,17,1.0,0,130
89,18,1.0,0,130
89,19,1.0,0,130
89,20,1.0,0,130
89,21,1.0,0,130
89,22,1.0,0,130
89,23,1.0,0,130
89,24,1.0,0,130
89,25,1.0,0,130
89,26,1.0,0,130
89,27,1.0,0,130
89,28,1.0,0,130
89,29,1.0,0,130
89,30,1.0,0,130
89,31,1.0,0,130
89,32,1.0,0,130
89,33,1.0,0,130
89,34,1.0,0,130
89,35,1.0,0,130
89,36,1.0,0,130
89,37,1.0,0,130
89,38,1.0,0,130
89,39,1.0,0,130
89,40,1.0,0,130
89,41,1.0,0,130
89,42,1.0,0,130
89,43,1.0,0,130
89,44,1.0,0,130
89,45,1.0,0,130
89,46,1.0,0,130
89,47,1.0,0,130
89,48,1.0,0,130
89,49,1.0,0,130
89,50,1.0,0,130
89,51,1.0,0,130
89,52,1.0,0,130
89,53,1.0,0,130
89,54,1.0,0,130
89,55,1.0,0,130
89,56,1.0,0,130
89,57,1.0,0,130
89,58,1.0,0,130
89,59,1.0,0,130
89,60,1.0,0,130
89,61,1.0,0,130
89,62,1.0,0,130
89,63,1.0,0,130
89,64,1.0,0,130
89,65,1.0,0,130
89,66,1.0,0,130
89,67,1.0,0,130
89,68,1.0,0,130
89,69,1.0,0,130
89,70,1.0,0,130
89,71,1.0,0,130
89,72,1.0,0,130
89,73,1.0,0,130
89,74,1.0,0,130
89,75,1.0,0,130
89,76,1.0,0,130
89,77,1.0,0,130
89,78,1.0,0,130
89,79,1.0,0,130
89,80,1.0,0,130
89,81,1.0,0,130
89,82,1.0,0,130
89,83,1.0,0,130
89,84,1.0,0,130
89,85,1.0,0,130
89,86,1.0,0,130
89,87,1.0,0,130
89,88,1.0,0,130
89,89,1.0,0,130
89,90,1.0,0,130
89,91,1.0,0,130
89,92,1.0,0,130
89,93,1.0,0,130
89,94,1.0,0,130
89,95,1.0,0,130
89,96,1.0,0,130
89,97,1.0,0,130
89,98,1.0,0,130
89,99,1.0,0,130
89,100,1.0,0,130
89,101,1.0,0,130
89,102,1.0,0,130
89,103,1.0,0,130
89,104,1.0,0,130
89,105,1.0,0,130
89,106,1.0,0,130
89,107,1.0,0,130
89,108,1.0,0,130
89,109,1.0,0,130
89,110,1.0,0,130
89,111,1.0,0,130
89,112,1.0,0,130
89,113,1.0,0,130
89,114,1.0,0,130
89,115,1.0,0,130
89,116,1.0,0,130
89,117,1.0,0,130
89,118,1.0,0,130
89,119,1.0,0,130
89,120,1.0,0,130
89,121,1.0,0,130
89,122,1.0,0,130
89,123,1.0,0,130
89,124,1.0,0,130
89,125,1.0,0,130
89,126,1.0,0,130
89,127,1.0,0,130
89,128,1.0,0,130
89,129,1.0,0,130
89,130,1.0,0,130
89,131,1.0,0,130
89,132,1.0,0,130
89,133,1.0,0,130
89,134,1.0,0,130
89,135,1.0,0,130
89,136,1.0,0,130
89,137,1.0,0,130
89,138,1.0,0,130
89,139,1.0,0,130
89,140,1.0,0,130
89,141,1.0,0,130
89,142,1.0,0,130
89,143,1.0,0,130
89,144,1.0,0,130
89,145,1.0,0,130
89,146,1.0,0,130
89,147,1.0,0,130
89,148,1.0,0,130
89,149,1.0,0,130
89,150,1.0,0,130
89,151,1.0,0,130
89,152,1.0,0,130
89,153,1.0,0,130
89,154,1.0,0,130
89,155,1.0,0,130
89,156,1.0,0,130
89,157,1.0,0,130
89,158,1.0,0,130
89,159,1.0,0,130
89,160,1.0,0,130
89,161,1.0,0,130
89,162,1.0,0,130
89,163,1.0,0,130
89,164,1.0,0,130
89,165,1.0,0,130
89,166,1.0,0,130
89,167,1.0,0,130
89,168,1.0,0,130
89,169,1.0,0,130
89,170,1.0,0,130
89,171,1.0,0,130
89,172,1.0,0,130
89,173,1.0,0,130
89,174,1.0,0,130
89,175,1.0,0,130
89,176,1.0,0,130
89,177,1.0,0,130
90,1,1.0,0,130
90,2,1.0,0,130
90,3,1.0,0,130
90,4,1.0,0,130
90,5,1.0,0,130
90,6,1.0,0,130
90,7,1.0,0,130
90,8,1.0,0,130
90,9,1.0,0,130
90,10,1.0,0,130
90,11,1.0,0,130
90,12,1.0,0,130
90,13,1.0,0,130
90,14,1.0,0,130
90,15,1.0,0,130
90,16,1.0,0,130
90,17,1.0,0,130
90,18,1.0,0,130
90,19,1.0,0,130
90,20,1.0,0,130
90,21,1.0,0,130
90,22,1.0,0,130
90,23,1.0,0,130
90,24,1.0,0,130
90,25,1.0,0,130
90,26,1.0,0,130
90,27,1.0,0,130
90,28,1.0,0,130
90,29,1.0,0,130
90,30,1.0,0,130
90,31,1.0,0,130
90,32,1.0,0,130
90,33,1.0,0,130
90,34,1.0,0,130
90,35,1.0,0,130
90,36,1.0,0,130
90,37,1.0,0,130
90,38,1.0,0,130
90,39,1.0,0,130
90,40,1.0,0,130
90,41,1.0,0,130
90,42,1.0,0,130
90,43,1.0,0,130
90,44,1.0,0,130
90,45,1.0,0,129
90,46,1.0,0,128
90,47,1.0,0,127
90,48,1.0,0,126
90,49,1.0,0,125
90,50,1.0,0,124
90,51,1.0,0,123
90,52,1.0,0,122
90,53,1.0,0,121
90,54,1.0,0,120
90,55,1.0,0,119
90,56,1.0,0,118
90,57,1.0,0,117
90,58,1.0,0,116
90,59,1.0,0,115
90,60,1.0,0,114
90,61,1.0,0,113
90,62,1.0,0,112
90,63,1.0,0,111
90,64,1.0,0,110
90,65,1.0,0,109
90,66,1.0,0,108
90,67,1.0,0,107
90,68,1.0,0,106
90,69,1.0,0,105
90,70,1.0,0,104
90,71,1.0,0,103
90,72,1.0,0,102
90,73,1.0,0,101
90,74,1.0,0,100
90,75,1.0,0,99
90,76,1.0,0,98
90,77,1.0,0,97
90,78,1.0,0,96
90,79,1.0,0,95
90,80,1.0,0,94
90,81,1.0,0,93
90,82,1.0,0,92
90,83,1.0,0,91
90,84,1.0,0,90
90,85,1.0,0,89
90,86,1.0,0,88
90,87,1.0,0,87
90,88,1.0,0,86
90,89,1.0,0,85
90,90,1.0,0,84
90,91,1.0,0,83
90,92,1.0,0,82
90,93,1.0,0,81
90,94,1.0,0,80
90,95,1.0,0,79
90,96,1.0,0,78
90,97,1.0,0,77
90,98,1.0,0,76
90,99,1.0,0,75
90,100,1.0,0,74
90,101,1.0,0,73
90,102,1.0,0,72
90,103,1.0,0,71
90,104,1.0,0,70
90,105,1.0,0,69
90,106,1.0,0,68
90,107,1.0,0,67
90,108,1.0,0,66
90,109,1.0,0,65
90,110,1.0,1,64
90,111,1.0,1,63
90,112,1.0,0,62
90,113,1.0,0,61
90,114,1.0,1,60
90,115,1.0,1,59
90,116,1.0,1,58
90,117,1.0,1,57
90,118,1.0,1,56
90,119,1.0,1,55
90,120,1.0,1,54
90,121,1.0,1,53
90,122,1.0,1,52
90,123,1.0,1,51
90,124,1.0,1,50
90,125,1.0,1,49
90,126,1.0,1,48
90,127,1.0,1,47
90,128,1.0,1,46
90,129,1.0,1,45
90,130,1.0,1,44
90,131,1.0,1,43
90,132,1.0,1,42
90,133,1.0,1,41
90,134,1.0,1,40
90,135,1.0,1,39
90,136,1.0,1,38
90,137,1.0,1,37
90,138,1.0,1,36
90,139,1.0,1,35
90,140,1.0,1,34
90,141,1.0,1,33
90,142,1.0,1,32
90,143,1.0,1,31
90,144,1.0,1,30
90,145,1.0,2,29
90,146,1.0,2,28
91,1,1.0,0,130
91,2,1.0,0,130
91,3,1.0,0,130
91,4,1.0,0,130
91,5,1.0,0,130
91,6,1.0,0,130
91,7,1.0,0,130
91,8,1.0,0,130
91,9,1.0,0,130
91,10,1.0,0,130
91,11,1.0,0,130
91,12,1.0,0,130
91,13,1.0,0,130
91,14,1.0,0,130
91,15,1.0,0,130
91,16,1.0,0,130
91,17,1.0,0,130
91,18,1.0,0,130
91,19,1.0,0,130
91,20,1.0,0,130
91,21,1.0,0,130
91,22,1.0,0,130
91,23,1.0,0,130
91,24,1.0,0,130
91,25,1.0,0,130
91,26,1.0,0,130
91,27,1.0,0,130
91,28,1.0,0,130
91,29,1.0,0,130
91,30,1.0,0,130
91,31,1.0,0,130
91,32,1.0,0,130
91,33,1.0,0,130
91,34,1.0,0,130
91,35,1.0,0,130
91,36,1.0,0,130
91,37,1.0,0,130
91,38,1.0,0,130
91,39,1.0,0,130
91,40,1.0,0,130
91,41,1.0,0,130
91,42,1.0,0,130
91,43,1.0,0,130
91,44,1.0,0,130
91,45,1.0,0,130
91,46,1.0,0,130
91,47,1.0,0,130
91,48,1.0,0,130
91,49,1.0,0,130
91,50,1.0,0,130
91,51,1.0,0,130
91,52,1.0,0,130
91,53,1.0,0,130
91,54,1.0,0,130
91,55,1.0,0,130
91,56,1.0,0,130
91,57,1.0,0,130
91,58,1.0,0,130
91,59,1.0,0,130
91,60,1.0,0,130
91,61,1.0,0,130
91,62,1.0,0,130
91,63,1.0,0,130
91,64,1.0,0,130
91,65,1.0,0,130
91,66,1.0,0,130
91,67,1.0,0,130
91,68,1.0,0,130
91,69,1.0,0,130
91,70,1.0,0,130
91,71,1.0,0,130
91,72,1.0,0,130
91,73,1.0,0,130
91,74,1.0,0,130
91,75,1.0,0,130
91,76,1.0,0,130
91,77,1.0,0,130
91,78,1.0,0,130
91,79,1.0,0,130
91,80,1.0,0,130
91,81,1.0,0,130
91,82,1.0,0,130
91,83,1.0,0,130
91,84,1.0,0,130
91,85,1.0,1,130
91,86,1.0,1,130
91,87,1.0,1,130
91,88,1.0,1,130
91,89,1.0,0,130
91,90,1.0,0,130
91,91,1.0,0,130
91,92,1.0,0,130
91,93,1.0,0,130
91,94,1.0,0,130
91,95,1.0,0,130
91,96,1.0,0,130
91,97,1.0,0,130
91,98,1.0,0,130
91,99,1.0,0,130
91,100,1.0,0,130
91,101,1.0,0,130
91,102,1.0,0,130
91,103,1.0,0,130
91,104,1.0,0,130
91,105,1.0,0,130
91,106,1.0,0,130
91,107,1.0,0,130
91,108,1.0,0,130
91,109,1.0,0,130
91,110,1.0,0,130
91,111,1.0,0,130
91,112,1.0,0,130
91,113,1.0,0,130
91,114,1.0,0,130
91,115,1.0,1,130
91,116,1.0,0,130
91,117,1.0,0,130
91,118,1.0,0,130
91,119,1.0,0,130
91,120,1.0,0,130
91,121,1.0,0,130
91,122,1.0,0,130
91,123,1.0,0,130
91,124,1.0,0,130
91,125,1.0,0,130
91,126,1.0,0,130
91,127,1.0,0,130
91,128,1.0,1,130
91,129,1.0,1,130
91,130,1.0,1,130
91,131,1.0,0,130
91,132,1.0,0,130
91,133,1.0,0,130
91,134,1.0,0,130
91,135,1.0,1,130
91,136,1.0,1,130
91,137,1.0,1,130
91,138,1.0,0,130
91,139,1.0,1,130
91,140,1.0,1,130
91,141,1.0,1,130
91,142,1.0,1,130
91,143,1.0,1,129
91,144,1.0,1,128
91,145,1.0,1,127
91,146,1.0,1,126
91,147,1.0,1,125
91,148,1.0,1,124
91,149,1.0,1,123
91,150,1.0,1,122
91,151,1.0,1,121
91,152,1.0,1,120
91,153,1.0,1,119
91,154,1.0,1,118
91,155,1.0,1,117
91,156,1.0,1,116
91,157,1.0,1,115
91,158,1.0,1,114
91,159,1.0,1,113
91,160,1.0,1,112
91,161,1.0,1,111
91,162,1.0,1,110
91,163,1.0,1,109
91,164,1.0,1,108
91,165,1.0,1,107
91,166,1.0,1,106
91,167,1.0,1,105
91,168,1.0,1,104
91,169,1.0,1,103
91,170,1.0,1,102
91,171,1.0,1,101
91,172,1.0,1,100
91,173,1.0,1,99
91,174,1.0,1,98
91,175,1.0,1,97
91,176,1.0,1,96
91,177,1.0,1,95
91,178,1.0,1,94
91,179,1.0,1,93
91,180,1.0,1,92
91,181,1.0,1,91
91,182,1.0,1,90
91,183,1.0,1,89
91,184,1.0,1,88
91,185,1.0,1,87
91,186,1.0,1,86
91,187,1.0,1,85
91,188,1.0,1,84
91,189,1.0,1,83
91,190,1.0,1,82
91,191,1.0,1,81
91,192,1.0,1,80
91,193,1.0,1,79
91,194,1.0,1,78
91,195,1.0,1,77
91,196,1.0,1,76
91,197,1.0,1,75
91,198,1.0,1,74
91,199,1.0,1,73
91,200,1.0,1,72
91,201,1.0,1,71
91,202,1.0,1,70
91,203,1.0,1,69
91,204,1.0,1,68
91,205,1.0,1,67
91,206,1.0,1,66
91,207,1.0,1,65
91,208,1.0,1,64
91,209,1.0,1,63
91,210,1.0,1,62
91,211,1.0,1,61
91,212,1.0,1,60
91,213,1.0,1,59
91,214,1.0,1,58
91,215,1.0,1,57
91,216,1.0,2,56
91,217,1.0,1,55
91,218,1.0,1,54
91,219,1.0,2,53
91,220,1.0,2,52
91,221,1.0,2,51
91,222,1.0,2,50
91,223,1.0,2,49
91,224,1.0,2,48
91,225,1.0,2,47
91,226,1.0,2,46
91,227,1.0,2,45
91,228,1.0,2,44
91,229,1.0,2,43
91,230,1.0,2,42
91,231,1.0,2,41
91,232,1.0,2,40
91,233,1.0,2,39
91,234,1.0,2,38
92,1,1.0,0,130
92,2,1.0,0,130
92,3,1.0,0,130
92,4,1.0,0,130
92,5,1.0,0,130
92,6,1.0,0,130
92,7,1.0,0,130
92,8,1.0,0,130
92,9,1.0,0,130
92,10,1.0,0,130
92,11,1.0,0,130
92,12,1.0,0,130
92,13,1.0,0,130
92,14,1.0,0,130
92,15,1.0,0,130
92,16,1.0,0,130
92,17,1.0,0,130
92,18,1.0,0,130
92,19,1.0,0,130
92,20,1.0,0,130
92,21,1.0,0,130
92,22,1.0,0,130
92,23,1.0,0,130
92,24,1.0,0,130
92,25,1.0,0,130
92,26,1.0,0,130
92,27,1.0,0,130
92,28,1.0,0,130
92,29,1.0,0,130
92,30,1.0,0,130
92,31,1.0,0,130
92,32,1.0,0,130
92,33,1.0,0,130
92,34,1.0,0,130
92,35,1.0,0,130
92,36,1.0,0,130
92,37,1.0,0,130
92,38,1.0,0,130
92,39,1.0,0,130
92,40,1.0,0,130
92,41,1.0,0,129
92,42,1.0,0,128
92,43,1.0,0,127
92,44,1.0,0,126
92,45,1.0,0,125
92,46,1.0,0,124
92,47,1.0,0,123
92,48,1.0,0,122
92,49,1.0,0,121
92,50,1.0,0,120
92,51,1.0,0,119
92,52,1.0,0,118
92,53,1.0,0,117
92,54,1.0,0,116
92,55,1.0,0,115
92,56,1.0,0,114
92,57,1.0,0,113
92,58,1.0,0,112
92,59,1.0,0,111
92,60,1.0,0,110
92,61,1.0,0,109
92,62,1.0,0,108
92,63,1.0,0,107
92,64,1.0,0,106
92,65,1.0,0,105
92,66,1.0,0,104
92,67,1.0,0,103
92,68,1.0,0,102
92,69,1.0,0,101
92,70,1.0,0,100
92,71,1.0,0,99
92,72,1.0,0,98
92,73,1.0,0,97
92,74,1.0,0,96
92,75,1.0,0,95
92,76,1.0,0,94
92,77,1.0,0,93
92,78,1.0,0,92
92,79,1.0,0,91
92,80,1.0,0,90
92,81,1.0,0,89
92,82,1.0,0,88
92,83,1.0,0,87
92,84,1.0,0,86
92,85,1.0,0,85
92,86,1.0,0,84
92,87,1.0,0,83
92,88,1.0,0,82
92,89,1.0,0,81
92,90,1.0,0,80
92,91,1.0,0,79
92,92,1.0,0,78
92,93,1.0,0,77
92,94,1.0,0,76
92,95,1.0,0,75
92,96,1.0,0,74
92,97,1.0,0,73
92,98,1.0,0,72
92,99,1.0,0,71
92,100,1.0,0,70
92,101,1.0,0,69
92,102,1.0,1,68
92,103,1.0,1,67
92,104,1.0,1,66
92,105,1.0,1,65
92,106,1.0,1,64
92,107,1.0,1,63
92,108,1.0,1,62
92,109,1.0,1,61
92,110,1.0,1,60
92,111,1.0,1,59
92,112,1.0,1,58
92,113,1.0,1,57
92,114,1.0,1,56
92,115,1.0,1,55
92,116,1.0,1,54
92,117,1.0,1,53
92,118,1.0,1,52
92,119,1.0,1,51
92,120,1.0,1,50
92,121,1.0,1,49
92,122,1.0,1,48
92,123,1.0,2,47
92,124,1.0,1,46
92,125,1.0,1,45
92,126,1.0,1,44
92,127,1.0,1,43
92,128,1.0,1,42
92,129,1.0,1,41
92,130,1.0,2,40
92,131,1.0,2,39
92,132,1.0,2,38
92,133,1.0,2,37
92,134,1.0,2,36
92,135,1.0,2,35
92,136,1.0,2,34
92,137,1.0,2,33
92,138,1.0,2,32
92,139,1.0,2,31
92,140,1.0,2,30
92,141,1.0,2,29
92,142,1.0,2,28
92,143,1.0,2,27
92,144,1.0,2,26
92,145,1.0,2,25
92,146,1.0,2,24
92,147,1.0,2,23
92,148,1.0,2,22
92,149,1.0,2,21
92,150,,3,20
93,1,1.0,0,130
93,2,1.0,0,130
93,3,1.0,0,130
93,4,1.0,0,130
93,5,1.0,0,130
93,6,1.0,0,130
93,7,1.0,0,130
93,8,1.0,0,130
93,9,1.0,0,130
93,10,1.0,0,130
93,11,1.0,0,130
93,12,1.0,0,130
93,13,1.0,0,130
93,14,1.0,0,130
93,15,1.0,0,130
93,16,1.0,0,130
93,17,1.0,0,130
93,18,1.0,0,130
93,19,1.0,0,130
93,20,1.0,0,130
93,21,1.0,0,130
93,22,1.0,0,130
93,23,1.0,0,130
93,24,1.0,0,130
93,25,1.0,0,130
93,26,1.0,0,130
93,27,1.0,0,130
93,28,1.0,0,130
93,29,1.0,0,130
93,30,1.0,0,130
93,31,1.0,0,130
93,32,1.0,0,130
93,33,1.0,0,130
93,34,1.0,0,130
93,35,1.0,0,130
93,36,1.0,0,130
93,37,1.0,0,130
93,38,1.0,0,130
93,39,1.0,0,130
93,40,1.0,0,130
93,41,1.0,0,130
93,42,1.0,0,130
93,43,1.0,0,130
93,44,1.0,0,130
93,45,1.0,0,130
93,46,1.0,0,130
93,47,1.0,0,130
93,48,1.0,0,130
93,49,1.0,0,130
93,50,1.0,0,130
93,51,1.0,0,130
93,52,1.0,0,130
93,53,1.0,0,130
93,54,1.0,0,130
93,55,1.0,0,130
93,56,1.0,0,130
93,57,1.0,0,130
93,58,1.0,0,130
93,59,1.0,0,130
93,60,1.0,0,130
93,61,1.0,0,130
93,62,1.0,0,130
93,63,1.0,0,130
93,64,1.0,0,130
93,65,1.0,0,130
93,66,1.0,0,130
93,67,1.0,0,130
93,68,1.0,0,130
93,69,1.0,0,130
93,70,1.0,0,130
93,71,1.0,0,130
93,72,1.0,0,130
93,73,1.0,0,130
93,74,1.0,0,130
93,75,1.0,0,130
93,76,1.0,0,130
93,77,1.0,0,130
93,78,1.0,0,130
93,79,1.0,0,130
93,80,1.0,0,130
93,81,1.0,0,130
93,82,1.0,0,130
93,83,1.0,0,130
93,84,1.0,0,130
93,85,1.0,0,130
93,86,1.0,0,130
93,87,1.0,0,130
93,88,1.0,0,130
93,89,1.0,0,130
93,90,1.0,0,130
93,91,1.0,0,130
93,92,1.0,0,130
93,93,1.0,0,130
93,94,1.0,0,130
93,95,1.0,0,130
93,96,1.0,0,130
93,97,1.0,0,130
93,98,1.0,0,130
93,99,1.0,0,130
93,100,1.0,0,130
93,101,1.0,0,130
93,102,1.0,0,130
93,103,1.0,0,130
93,104,1.0,0,130
93,105,1.0,0,130
93,106,1.0,0,130
93,107,1.0,0,130
93,108,1.0,1,130
93,109,1.0,1,130
93,110,1.0,1,130
93,111,1.0,0,130
93,112,1.0,0,130
93,113,1.0,0,130
93,114,1.0,0,130
93,115,1.0,0,130
93,116,1.0,0,130
93,117,1.0,0,130
93,118,1.0,0,130
93,119,1.0,0,130
93,120,1.0,0,130
93,121,1.0,0,130
93,122,1.0,0,130
93,123,1.0,0,130
93,124,1.0,0,130
93,125,1.0,0,130
93,126,1.0,0,130
93,127,1.0,0,130
93,128,1.0,1,130
93,129,1.0,0,130
93,130,1.0,0,130
93,131,1.0,0,130
93,132,1.0,0,130
93,133,1.0,0,130
93,134,1.0,0,130
93,135,1.0,0,130
93,136,1.0,0,130
93,137,1.0,0,130
93,138,1.0,0,130
93,139,1.0,1,130
93,140,1.0,1,130
93,141,1.0,1,130
93,142,1.0,1,130
93,143,1.0,1,130
93,144,1.0,0,130
93,145,1.0,1,130
93,146,1.0,0,130
93,147,1.0,1,130
93,148,1.0,1,130
93,149,1.0,1,130
93,150,1.0,0,130
93,151,1.0,1,130
93,152,1.0,1,130
93,153,1.0,1,130
93,154,1.0,0,130
93,155,1.0,0,130
93,156,1.0,0,130
93,157,1.0,0,130
93,158,1.0,0,130
93,159,1.0,0,130
93,160,1.0,0,130
93,161,1.0,0,130
93,162,1.0,0,130
93,163,1.0,0,130
93,164,1.0,0,130
93,165,1.0,0,130
93,166,1.0,0,130
93,167,1.0,0,130
93,168,1.0,0,130
93,169,1.0,0,130
93,170,1.0,0,130
93,171,1.0,0,130
93,172,1.0,0,130
93,173,1.0,0,130
93,174,1.0,0,130
93,175,1.0,0,130
93,176,1.0,0,130
93,177,1.0,0,130
93,178,1.0,0,130
93,179,1.0,0,130
93,180,1.0,0,130
93,181,1.0,0,130
93,182,1.0,0,130
93,183,1.0,0,130
93,184,1.0,0,130
93,185,1.0,0,130
93,186,1.0,0,130
93,187,1.0,0,130
93,188,1.0,0,130
93,189,1.0,0,130
93,190,1.0,1,130
93,191,1.0,1,130
93,192,1.0,1,130
93,193,1.0,1,130
93,194,1.0,1,130
93,195,1.0,1,130
93,196,1.0,1,130
93,197,1.0,1,130
93,198,1.0,1,130
93,199,1.0,1,130
93,200,1.0,1,129
93,201,1.0,1,128
93,202,1.0,1,127
93,203,1.0,1,126
93,204,1.0,1,125
93,205,1.0,1,124
93,206,1.0,1,123
93,207,1.0,1,122
93,208,1.0,1,121
93,209,1.0,1,120
93,210,1.0,1,119
93,211,1.0,1,118
93,212,1.0,1,117
93,213,1.0,1,116
93,214,1.0,1,115
93,215,1.0,1,114
93,216,1.0,1,113
93,217,1.0,1,112
93,218,1.0,1,111
93,219,1.0,1,110
93,220,1.0,1,109
93,221,1.0,1,108
93,222,1.0,1,107
93,223,1.0,1,106
93,224,1.0,1,105
93,225,1.0,1,104
93,226,1.0,1,103
93,227,1.0,1,102
93,228,1.0,1,101
93,229,1.0,1,100
93,230,1.0,1,99
93,231,1.0,1,98
93,232,1.0,1,97
93,233,1.0,1,96
93,234,1.0,1,95
93,235,1.0,1,94
93,236,1.0,1,93
93,237,1.0,1,92
93,238,1.0,1,91
93,239,1.0,1,90
93,240,1.0,1,89
93,241,1.0,1,88
93,242,1.0,1,87
93,243,1.0,1,86
93,244,1.0,1,85
94,1,1.0,0,130
94,2,1.0,0,130
94,3,1.0,0,130
94,4,1.0,0,130
94,5,1.0,0,130
94,6,1.0,0,130
94,7,1.0,0,130
94,8,1.0,0,130
94,9,1.0,0,130
94,10,1.0,0,130
94,11,1.0,0,130
94,12,1.0,0,130
94,13,1.0,0,130
94,14,1.0,0,130
94,15,1.0,0,130
94,16,1.0,0,130
94,17,1.0,0,130
94,18,1.0,0,130
94,19,1.0,0,130
94,20,1.0,0,130
94,21,1.0,0,130
94,22,1.0,0,130
94,23,1.0,0,130
94,24,1.0,0,130
94,25,1.0,0,130
94,26,1.0,0,130
94,27,1.0,0,130
94,28,1.0,0,130
94,29,1.0,0,130
94,30,1.0,0,130
94,31,1.0,0,130
94,32,1.0,0,130
94,33,1.0,0,130
94,34,1.0,0,130
94,35,1.0,0,130
94,36,1.0,0,130
94,37,1.0,0,130
94,38,1.0,0,130
94,39,1.0,0,130
94,40,1.0,0,130
94,41,1.0,1,130
94,42,1.0,0,130
94,43,1.0,0,130
94,44,1.0,0,130
94,45,1.0,0,130
94,46,1.0,0,130
94,47,1.0,0,130
94,48,1.0,0,130
94,49,1.0,0,130
94,50,1.0,0,130
94,51,1.0,0,130
94,52,1.0,0,130
94,53,1.0,0,130
94,54,1.0,0,130
94,55,1.0,0,130
94,56,1.0,0,130
94,57,1.0,0,130
94,58,1.0,0,130
94,59,1.0,0,129
94,60,1.0,0,128
94,61,1.0,0,127
94,62,1.0,0,126
94,63,1.0,0,125
94,64,1.0,0,124
94,65,1.0,0,123
94,66,1.0,0,122
94,67,1.0,0,121
94,68,1.0,0,120
94,69,1.0,0,119
94,70,1.0,0,118
94,71,1.0,0,117
94,72,1.0,0,116
94,73,1.0,0,115
94,74,1.0,0,114
94,75,1.0,0,113
94,76,1.0,0,112
94,77,1.0,0,111
94,78,1.0,0,110
94,79,1.0,0,109
94,80,1.0,1,108
94,81,1.0,0,107
94,82,1.0,1,106
94,83,1.0,0,105
94,84,1.0,1,104
94,85,1.0,1,103
94,86,1.0,1,102
94,87,1.0,1,101
94,88,1.0,1,100
94,89,1.0,1,99
94,90,1.0,1,98
94,91,1.0,0,97
94,92,1.0,0,96
94,93,1.0,1,95
94,94,1.0,1,94
94,95,1.0,0,93
94,96,1.0,1,92
94,97,1.0,1,91
94,98,1.0,1,90
94,99,1.0,1,89
94,100,1.0,1,88
94,101,1.0,1,87
94,102,1.0,1,86
94,103,1.0,1,85
94,104,1.0,1,84
94,105,1.0,1,83
94,106,1.0,1,82
94,107,1.0,1,81
94,108,1.0,1,80
94,109,1.0,1,79
94,110,1.0,1,78
94,111,1.0,1,77
94,112,1.0,1,76
94,113,1.0,0,75
94,114,1.0,1,74
94,115,1.0,1,73
94,116,1.0,1,72
94,117,1.0,1,71
94,118,1.0,1,70
94,119,1.0,1,69
94,120,1.0,1,68
94,121,1.0,1,67
94,122,1.0,1,66
94,123,1.0,1,65
94,124,1.0,1,64
94,125,1.0,1,63
94,126,1.0,1,62
94,127,1.0,1,61
94,128,1.0,1,60
94,129,1.0,0,59
94,130,1.0,0,58
94,131,1.0,1,57
94,132,1.0,1,56
94,133,1.0,1,55
95,1,1.0,0,130
95,2,1.0,0,130
95,3,1.0,0,130
95,4,1.0,0,130
95,5,1.0,0,130
95,6,1.0,0,130
95,7,1.0,0,130
95,8,1.0,0,130
95,9,1.0,0,130
95,10,1.0,0,130
95,11,1.0,0,130
95,12,1.0,0,130
95,13,1.0,0,130
95,14,1.0,0,130
95,15,1.0,0,130
95,16,1.0,0,130
95,17,1.0,0,130
95,18,1.0,0,130
95,19,1.0,0,130
95,20,1.0,0,130
95,21,1.0,0,130
95,22,1.0,0,130
95,23,1.0,0,130
95,24,1.0,0,130
95,25,1.0,0,130
95,26,1.0,0,130
95,27,1.0,0,130
95,28,1.0,0,130
95,29,1.0,0,130
95,30,1.0,0,130
95,31,1.0,0,130
95,32,1.0,0,130
95,33,1.0,0,130
95,34,1.0,0,130
95,35,1.0,0,130
95,36,1.0,0,130
95,37,1.0,0,130
95,38,1.0,0,130
95,39,1.0,0,130
95,40,1.0,0,130
95,41,1.0,0,130
95,42,1.0,0,130
95,43,1.0,0,130
95,44,1.0,0,130
95,45,1.0,0,130
95,46,1.0,0,130
95,47,1.0,0,130
95,48,1.0,0,130
95,49,1.0,0,130
95,50,1.0,0,130
95,51,1.0,0,130
95,52,1.0,0,130
95,53,1.0,0,130
95,54,1.0,0,130
95,55,1.0,0,130
95,56,1.0,0,130
95,57,1.0,0,130
95,58,1.0,0,130
95,59,1.0,0,130
95,60,1.0,0,130
95,61,1.0,0,130
95,62,1.0,0,130
95,63,1.0,0,130
95,64,1.0,0,130
95,65,1.0,0,130
95,66,1.0,0,130
95,67,1.0,0,130
95,68,1.0,0,130
95,69,1.0,0,130
95,70,1.0,0,130
95,71,1.0,0,130
95,72,1.0,0,130
95,73,1.0,0,130
95,74,1.0,0,130
95,75,1.0,0,130
95,76,1.0,0,130
95,77,1.0,0,130
95,78,1.0,0,130
95,79,1.0,0,130
95,80,1.0,0,130
95,81,1.0,0,130
95,82,1.0,0,130
95,83,1.0,0,130
95,84,1.0,0,130
95,85,1.0,0,130
95,86,1.0,0,130
95,87,1.0,0,130
95,88,1.0,0,129
95,89,1.0,0,128
96,1,1.0,0,130
96,2,1.0,0,130
96,3,1.0,0,130
96,4,1.0,0,130
96,5,1.0,0,130
96,6,1.0,0,130
96,7,1.0,0,130
96,8,1.0,0,130
96,9,1.0,0,130
96,10,1.0,0,130
96,11,1.0,0,130
96,12,1.0,0,130
96,13,1.0,0,130
96,14,1.0,0,130
96,15,1.0,0,130
96,16,1.0,0,130
96,17,1.0,0,130
96,18,1.0,0,130
96,19,1.0,0,130
96,20,1.0,0,130
96,21,1.0,0,130
96,22,1.0,0,130
96,23,1.0,0,130
96,24,1.0,0,130
96,25,1.0,0,130
96,26,1.0,0,130
96,27,1.0,0,130
96,28,1.0,0,130
96,29,1.0,0,130
96,30,1.0,0,130
96,31,1.0,0,130
96,32,1.0,0,130
96,33,1.0,0,130
96,34,1.0,0,130
96,35,1.0,0,130
96,36,1.0,0,130
96,37,1.0,0,130
96,38,1.0,0,130
96,39,1.0,0,130
96,40,1.0,0,130
96,41,1.0,0,130
96,42,1.0,0,130
96,43,1.0,0,130
96,44,1.0,0,130
96,45,1.0,0,130
96,46,1.0,0,130
96,47,1.0,0,130
96,48,1.0,0,130
96,49,1.0,0,130
96,50,1.0,0,130
96,51,1.0,0,130
96,52,1.0,0,130
96,53,1.0,0,130
96,54,1.0,0,130
96,55,1.0,0,130
96,56,1.0,0,130
96,57,1.0,0,130
96,58,1.0,0,130
96,59,1.0,0,130
96,60,1.0,0,130
96,61,1.0,0,130
96,62,1.0,0,130
96,63,1.0,0,130
96,64,1.0,0,130
96,65,1.0,0,130
96,66,1.0,0,130
96,67,1.0,0,130
96,68,1.0,0,130
96,69,1.0,0,130
96,70,1.0,0,130
96,71,1.0,0,130
96,72,1.0,0,130
96,73,1.0,0,130
96,74,1.0,0,130
96,75,1.0,0,130
96,76,1.0,0,130
96,77,1.0,0,130
96,78,1.0,0,130
96,79,1.0,0,130
96,80,1.0,0,130
96,81,1.0,0,130
96,82,1.0,0,130
96,83,1.0,0,130
96,84,1.0,0,130
96,85,1.0,0,130
96,86,1.0,0,130
96,87,1.0,0,130
96,88,1.0,0,130
96,89,1.0,0,130
96,90,1.0,0,130
96,91,1.0,0,130
96,92,1.0,0,130
96,93,1.0,0,130
96,94,1.0,0,130
96,95,1.0,0,130
96,96,1.0,0,130
96,97,1.0,0,130
97,1,1.0,0,130
97,2,1.0,0,130
97,3,1.0,0,130
97,4,1.0,0,130
97,5,1.0,0,130
97,6,1.0,0,130
97,7,1.0,0,130
97,8,1.0,0,130
97,9,1.0,0,130
97,10,1.0,0,130
97,11,1.0,0,130
97,12,1.0,0,130
97,13,1.0,0,130
97,14,1.0,0,130
97,15,1.0,0,130
97,16,1.0,0,130
97,17,1.0,0,130
97,18,1.0,0,130
97,19,1.0,0,130
97,20,1.0,0,130
97,21,1.0,0,130
97,22,1.0,0,130
97,23,1.0,0,130
97,24,1.0,0,130
97,25,1.0,0,130
97,26,1.0,0,130
97,27,1.0,0,130
97,28,1.0,0,130
97,29,1.0,0,130
97,30,1.0,0,130
97,31,1.0,0,130
97,32,1.0,0,130
97,33,1.0,0,130
97,34,1.0,0,130
97,35,1.0,0,130
97,36,1.0,0,130
97,37,1.0,0,130
97,38,1.0,0,130
97,39,1.0,0,130
97,40,1.0,0,130
97,41,1.0,0,130
97,42,1.0,0,130
97,43,1.0,0,130
97,44,1.0,0,130
97,45,1.0,0,130
97,46,1.0,0,130
97,47,1.0,0,130
97,48,1.0,0,130
97,49,1.0,0,130
97,50,1.0,0,130
97,51,1.0,0,130
97,52,1.0,0,130
97,53,1.0,0,130
97,54,1.0,0,130
97,55,1.0,0,130
97,56,1.0,0,130
97,57,1.0,0,130
97,58,1.0,0,130
97,59,1.0,0,130
97,60,1.0,0,130
97,61,1.0,0,130
97,62,1.0,0,130
97,63,1.0,0,130
97,64,1.0,0,130
97,65,1.0,0,130
97,66,1.0,0,130
97,67,1.0,0,130
97,68,1.0,0,130
97,69,1.0,0,130
97,70,1.0,0,130
97,71,1.0,0,130
97,72,1.0,0,130
97,73,1.0,0,130
97,74,1.0,0,130
97,75,1.0,0,130
97,76,1.0,0,130
97,77,1.0,0,130
97,78,1.0,0,130
97,79,1.0,0,130
97,80,1.0,0,130
97,81,1.0,0,130
97,82,1.0,0,130
97,83,1.0,0,130
97,84,1.0,0,130
97,85,1.0,0,130
97,86,1.0,0,130
97,87,1.0,0,129
97,88,1.0,0,128
97,89,1.0,0,127
97,90,1.0,0,126
97,91,1.0,0,125
97,92,1.0,0,124
97,93,1.0,0,123
97,94,1.0,0,122
97,95,1.0,0,121
97,96,1.0,0,120
97,97,1.0,0,119
97,98,1.0,0,118
97,99,1.0,0,117
97,100,1.0,0,116
97,101,1.0,0,115
97,102,1.0,0,114
97,103,1.0,0,113
97,104,1.0,0,112
97,105,1.0,0,111
97,106,1.0,0,110
97,107,1.0,0,109
97,108,1.0,0,108
97,109,1.0,0,107
97,110,1.0,0,106
97,111,1.0,0,105
97,112,1.0,0,104
97,113,1.0,0,103
97,114,1.0,0,102
97,115,1.0,0,101
97,116,1.0,0,100
97,117,1.0,0,99
97,118,1.0,0,98
97,119,1.0,0,97
97,120,1.0,0,96
97,121,1.0,0,95
97,122,1.0,0,94
97,123,1.0,0,93
97,124,1.0,0,92
97,125,1.0,0,91
97,126,1.0,0,90
97,127,1.0,0,89
97,128,1.0,0,88
97,129,1.0,0,87
97,130,1.0,0,86
97,131,1.0,0,85
97,132,1.0,0,84
97,133,1.0,0,83
97,134,1.0,0,82
98,1,1.0,0,130
98,2,1.0,0,130
98,3,1.0,0,130
98,4,1.0,0,130
98,5,1.0,0,130
98,6,1.0,0,130
98,7,1.0,0,130
98,8,1.0,0,130
98,9,1.0,0,130
98,10,1.0,0,130
98,11,1.0,0,130
98,12,1.0,0,130
98,13,1.0,0,130
98,14,1.0,0,130
98,15,1.0,0,130
98,16,1.0,0,130
98,17,1.0,0,130
98,18,1.0,0,130
98,19,1.0,0,130
98,20,1.0,0,130
98,21,1.0,0,130
98,22,1.0,0,130
98,23,1.0,0,130
98,24,1.0,0,130
98,25,1.0,0,130
98,26,1.0,0,130
98,27,1.0,0,130
98,28,1.0,0,130
98,29,1.0,0,130
98,30,1.0,0,130
98,31,1.0,0,130
98,32,1.0,0,130
98,33,1.0,0,130
98,34,1.0,0,130
98,35,1.0,0,130
98,36,1.0,0,130
98,37,1.0,0,130
98,38,1.0,0,130
98,39,1.0,0,130
98,40,1.0,0,130
98,41,1.0,0,130
98,42,1.0,0,130
98,43,1.0,0,130
98,44,1.0,0,130
98,45,1.0,0,130
98,46,1.0,0,130
98,47,1.0,0,130
98,48,1.0,0,130
98,49,1.0,0,130
98,50,1.0,0,130
98,51,1.0,0,129
98,52,1.0,0,128
98,53,1.0,0,127
98,54,1.0,0,126
98,55,1.0,0,125
98,56,1.0,0,124
98,57,1.0,0,123
98,58,1.0,0,122
98,59,1.0,0,121
98,60,1.0,0,120
98,61,1.0,0,119
98,62,1.0,0,118
98,63,1.0,0,117
98,64,1.0,0,116
98,65,1.0,0,115
98,66,1.0,0,114
98,67,1.0,0,113
98,68,1.0,0,112
98,69,1.0,0,111
98,70,1.0,0,110
98,71,1.0,0,109
98,72,1.0,0,108
98,73,1.0,0,107
98,74,1.0,0,106
98,75,1.0,0,105
98,76,1.0,0,104
98,77,1.0,0,103
98,78,1.0,0,102
98,79,1.0,0,101
98,80,1.0,0,100
98,81,1.0,0,99
98,82,1.0,0,98
98,83,1.0,0,97
98,84,1.0,0,96
98,85,1.0,0,95
98,86,1.0,0,94
98,87,1.0,0,93
98,88,1.0,0,92
98,89,1.0,0,91
98,90,1.0,0,90
98,91,1.0,0,89
98,92,1.0,0,88
98,93,1.0,0,87
98,94,1.0,0,86
98,95,1.0,0,85
98,96,1.0,0,84
98,97,1.0,0,83
98,98,1.0,0,82
98,99,1.0,0,81
98,100,1.0,0,80
98,101,1.0,0,79
98,102,1.0,0,78
98,103,1.0,0,77
98,104,1.0,0,76
98,105,1.0,0,75
98,106,1.0,0,74
98,107,1.0,0,73
98,108,1.0,0,72
98,109,1.0,0,71
98,110,1.0,0,70
98,111,1.0,0,69
98,112,1.0,0,68
98,113,1.0,1,67
98,114,1.0,1,66
98,115,1.0,1,65
98,116,1.0,0,64
98,117,1.0,1,63
98,118,1.0,1,62
98,119,1.0,1,61
98,120,1.0,1,60
98,121,1.0,1,59
99,1,1.0,0,130
99,2,1.0,0,130
99,3,1.0,0,130
99,4,1.0,0,130
99,5,1.0,0,130
99,6,1.0,0,130
99,7,1.0,0,130
99,8,1.0,0,130
99,9,1.0,0,130
99,10,1.0,0,130
99,11,1.0,0,130
99,12,1.0,0,130
99,13,1.0,0,130
99,14,1.0,0,130
99,15,1.0,0,130
99,16,1.0,0,130
99,17,1.0,0,130
99,18,1.0,0,130
99,19,1.0,0,130
99,20,1.0,0,130
99,21,1.0,0,130
99,22,1.0,0,130
99,23,1.0,0,130
99,24,1.0,0,130
99,25,1.0,0,130
99,26,1.0,0,130
99,27,1.0,0,130
99,28,1.0,0,130
99,29,1.0,0,130
99,30,1.0,0,130
99,31,1.0,0,130
99,32,1.0,0,130
99,33,1.0,0,130
99,34,1.0,0,130
99,35,1.0,0,130
99,36,1.0,0,130
99,37,1.0,0,130
99,38,1.0,0,130
99,39,1.0,0,130
99,40,1.0,0,130
99,41,1.0,0,130
99,42,1.0,0,130
99,43,1.0,0,130
99,44,1.0,0,130
99,45,1.0,0,130
99,46,1.0,0,130
99,47,1.0,0,130
99,48,1.0,0,130
99,49,1.0,0,130
99,50,1.0,0,130
99,51,1.0,0,130
99,52,1.0,0,130
99,53,1.0,0,130
99,54,1.0,0,130
99,55,1.0,0,130
99,56,1.0,0,130
99,57,1.0,0,130
99,58,1.0,0,130
99,59,1.0,0,130
99,60,1.0,0,130
99,61,1.0,0,130
99,62,1.0,0,130
99,63,1.0,0,130
99,64,1.0,0,130
99,65,1.0,0,130
99,66,1.0,0,130
99,67,1.0,0,130
99,68,1.0,0,130
99,69,1.0,0,130
99,70,1.0,0,130
99,71,1.0,0,130
99,72,1.0,0,130
99,73,1.0,0,130
99,74,1.0,0,130
99,75,1.0,0,130
99,76,1.0,0,130
99,77,1.0,0,130
99,78,1.0,0,130
99,79,1.0,0,130
99,80,1.0,0,130
99,81,1.0,0,130
99,82,1.0,0,130
99,83,1.0,0,130
99,84,1.0,0,130
99,85,1.0,0,129
99,86,1.0,0,128
99,87,1.0,0,127
99,88,1.0,0,126
99,89,1.0,0,125
99,90,1.0,0,124
99,91,1.0,0,123
99,92,1.0,0,122
99,93,1.0,0,121
99,94,1.0,0,120
99,95,1.0,0,119
99,96,1.0,0,118
99,97,1.0,0,117
100,1,1.0,0,130
100,2,1.0,0,130
100,3,1.0,0,130
100,4,1.0,0,130
100,5,1.0,0,130
100,6,1.0,0,130
100,7,1.0,0,130
100,8,1.0,0,130
100,9,1.0,0,130
100,10,1.0,0,130
100,11,1.0,0,130
100,12,1.0,0,130
100,13,1.0,0,130
100,14,1.0,0,130
100,15,1.0,0,130
100,16,1.0,0,130
100,17,1.0,0,130
100,18,1.0,0,130
100,19,1.0,0,130
100,20,1.0,0,130
100,21,1.0,0,130
100,22,1.0,0,130
100,23,1.0,0,130
100,24,1.0,0,130
100,25,1.0,0,130
100,26,1.0,0,130
100,27,1.0,0,130
100,28,1.0,0,130
100,29,1.0,0,130
100,30,1.0,0,130
100,31,1.0,0,130
100,32,1.0,0,130
100,33,1.0,0,130
100,34,1.0,0,130
100,35,1.0,0,130
100,36,1.0,0,130
100,37,1.0,0,130
100,38,1.0,0,130
100,39,1.0,0,130
100,40,1.0,0,130
100,41,1.0,0,130
100,42,1.0,0,130
100,43,1.0,0,130
100,44,1.0,0,130
100,45,1.0,0,130
100,46,1.0,0,130
100,47,1.0,0,130
100,48,1.0,0,130
100,49,1.0,0,130
100,50,1.0,0,130
100,51,1.0,0,130
100,52,1.0,0,130
100,53,1.0,0,130
100,54,1.0,0,130
100,55,1.0,0,130
100,56,1.0,0,130
100,57,1.0,0,130
100,58,1.0,0,130
100,59,1.0,0,130
100,60,1.0,0,130
100,61,1.0,0,130
100,62,1.0,0,130
100,63,1.0,0,130
100,64,1.0,0,130
100,65,1.0,0,130
100,66,1.0,0,130
100,67,1.0,0,130
100,68,1.0,0,130
100,69,1.0,0,130
100,70,1.0,0,130
100,71,1.0,0,130
100,72,1.0,0,130
100,73,1.0,0,130
100,74,1.0,0,130
100,75,1.0,0,130
100,76,1.0,0,130
100,77,1.0,0,130
100,78,1.0,0,130
100,79,1.0,0,130
100,80,1.0,0,130
100,81,1.0,0,130
100,82,1.0,0,130
100,83,1.0,0,130
100,84,1.0,0,130
100,85,1.0,0,130
100,86,1.0,0,130
100,87,1.0,0,130
100,88,1.0,0,130
100,89,1.0,0,129
100,90,1.0,0,128
100,91,1.0,0,127
100,92,1.0,0,126
100,93,1.0,0,125
100,94,1.0,0,124
100,95,1.0,0,123
100,96,1.0,0,122
100,97,1.0,0,121
100,98,1.0,0,120
100,99,1.0,0,119
100,100,1.0,0,118
100,101,1.0,0,117
100,102,1.0,0,116
100,103,1.0,0,115
100,104,1.0,0,114
100,105,1.0,0,113
100,106,1.0,0,112
100,107,1.0,0,111
100,108,1.0,0,110
100,109,1.0,0,109
100,110,1.0,0,108
100,111,1.0,0,107
100,112,1.0,0,106
100,113,1.0,0,105
100,114,1.0,0,104
100,115,1.0,0,103
100,116,1.0,0,102
100,117,1.0,0,101
100,118,1.0,0,100
100,119,1.0,0,99
100,120,1.0,0,98
100,121,1.0,0,97
100,122,1.0,0,96
100,123,1.0,0,95
100,124,1.0,0,94
100,125,1.0,0,93
100,126,1.0,0,92
100,127,1.0,0,91
100,128,1.0,0,90
100,129,1.0,0,89
100,130,1.0,0,88
100,131,1.0,0,87
100,132,1.0,0,86
100,133,1.0,0,85
100,134,1.0,0,84
100,135,1.0,0,83
100,136,1.0,0,82
100,137,1.0,0,81
100,138,1.0,0,80
100,139,1.0,0,79
100,140,1.0,0,78
100,141,1.0,0,77
100,142,1.0,0,76
100,143,1.0,1,75
100,144,1.0,0,74
100,145,1.0,1,73
100,146,1.0,0,72
100,147,1.0,0,71
100,148,1.0,0,70
100,149,1.0,0,69
100,150,1.0,0,68
100,151,1.0,0,67
100,152,1.0,0,66
100,153,1.0,0,65
100,154,1.0,0,64
100,155,1.0,0,63
100,156,1.0,1,62
100,157,1.0,1,61
100,158,1.0,1,60
100,159,1.0,1,59
100,160,1.0,1,58
100,161,1.0,1,57
100,162,1.0,1,56
100,163,1.0,1,55
100,164,1.0,1,54
100,165,1.0,1,53
100,166,1.0,1,52
100,167,1.0,1,51
100,168,1.0,1,50
100,169,1.0,1,49
100,170,1.0,1,48
100,171,1.0,1,47
100,172,1.0,1,46
100,173,1.0,1,45
100,174,1.0,1,44
100,175,1.0,1,43
100,176,1.0,1,42
100,177,1.0,1,41
100,178,1.0,1,40
100,179,1.0,1,39
100,180,1.0,2,38
100,181,1.0,2,37
100,182,1.0,2,36
100,183,1.0,2,35
100,184,1.0,2,34
100,185,1.0,2,33
100,186,1.0,2,32
100,187,1.0,2,31
100,188,1.0,2,30
100,189,1.0,2,29
100,190,1.0,2,28
100,191,1.0,2,27
100,192,1.0,2,26
100,193,1.0,2,25
100,194,1.0,2,24
100,195,1.0,2,23
100,196,1.0,2,22
100,197,1.0,2,21
100,198,1.0,2,20
